time,la_x,la_y,uwb_x,uwb_y,vel_linear_x,vel_angular_z,mpu_ang_vel_z,mpu_linear_acc_x,mpu_linear_acc_y,odom_linear_x,odom_angular_z,odom_filtered_linear_x,odom_filtered_angular_z,odom_yaw,odom_filtered_yaw,cmd_linear_x,cmd_angular_z,var_x,var_y,var_xvel,var_yvel,vel_linear_y,odom_linear_y,odom_filtered_linear_y,cmd_linear_y
1626093014.9799,4.31003359737472E-06,-3.33751649338011E-06,0,0,,,,,,-2.28439778486919E-10,0.001811571224579,1.37179194216765E-06,0.001626484792555,-1.77248000770859,-1.77109054582601,,,9.0498818487296,9.05022883082581,0.009033905149683,0.009033905149787,,2.83026618477601E-06,2.69287067033969E-06,
1626093015.0459,4.17831249134461E-06,-3.31944190833557E-06,5.72,4.85,1.70464431903383E-06,-1.58571565407328E-05,1.28048777580261,-0.0087890625,0,-2.09996536077419E-10,0.001806363694614,1.40512911778769E-06,0.001703936065865,-1.77248129842468,-1.77105073614988,,,9.05013126015086,9.05047824224718,0.009663555966259,0.009663555966358,0,2.56422085890338E-06,2.50705368455432E-06,
1626093015.0999,4.04557476613179E-06,-3.30020085554458E-06,5.72,4.83,1.70464431903383E-06,-1.58571565407328E-05,1.28048777580261,-0.00732421875,0.00146484375,-1.79084139066972E-10,0.001973037327914,1.12045989981799E-06,0.001657409865969,-1.77247653673603,-1.77108436288946,,,9.05084198491303,9.05118896700928,0.008965804521177,0.008965804521242,0,2.09325299609816E-06,1.96319980847297E-06,
1626093015.1599,3.91000088916043E-06,-3.27738533265453E-06,5.73,4.85,1.70464431903383E-06,-1.58571565407328E-05,1.34146344661713,-0.001953125,0.001953125,-1.46904950786103E-10,0.001688481026415,9.21673453143427E-07,0.001566352513017,-1.77248592943892,-1.7710904258535,,,9.05180018975429,9.05214717185058,0.008964025194746,0.008964025194789,0,1.69184965428102E-06,1.37751133163147E-06,
1626093015.2199,3.7738540559285E-06,-3.25128832027655E-06,5.72,4.84,1.70464431903383E-06,-1.58571565407328E-05,1.34146344661713,-0.00537109375,0.00439453125,-1.13916231479075E-10,0.001835349826172,8.83324683304952E-07,0.001565117595509,-1.7724813211773,-1.77104389068981,,,9.05289127323699,9.05323825533349,0.010441578622794,0.010441578622831,0,1.27509433309014E-06,8.57235523661148E-07,
1626093015.2799,3.63875132775752E-06,-3.2222585223443E-06,5.73,4.85,1.70464431903383E-06,-1.58571565407328E-05,1.40243899822235,-0.0029296875,0,-9.30826489832846E-11,0.001871523900912,7.43928940999597E-07,0.001744254998429,-1.77247798818053,-1.77102639875604,,,9.05362668018264,9.05397366227912,0.010283078653557,0.010283078653587,0,1.00118071961177E-06,5.66925925754632E-07,
1626093015.3399,3.43755335147001E-06,-3.17623298637276E-06,5.72,4.83,1.70464431903383E-06,-1.58571565407328E-05,1.28048777580261,-0.01513671875,0.00537109375,-5.94405572671274E-11,0.001736125245901,5.17439619748898E-07,0.001659634581965,-1.77248381590691,-1.77104489069292,,,9.05510382599638,9.05545080809282,0.009774552696665,0.009774552696686,0,5.82518212404372E-07,1.62985707269976E-07,
1626093015.3999,3.3284878613811E-06,-3.14707614117359E-06,5.73,4.82,1.68410633705207E-06,-1.5666106264689E-05,1.28048777580261,-0.0126953125,0.009765625,-5.01928233785258E-11,0.001988601003386,4.21932921017038E-07,0.001733234043035,-1.77247430402445,-1.77108228150865,,,9.05563251196102,9.05597949405742,0.008953590160493,0.008953590160512,0,4.62608062347599E-07,8.47541683460991E-08,
1626093015.4599,3.21705256711249E-06,-3.1145272379658E-06,5.72,4.84,1.70464431903383E-06,-1.58571565407328E-05,1.28048777580261,-0.01708984375,-0.001953125,-3.6019101774576E-11,0.001759404115399,4.03605451346581E-07,0.001688906020697,-1.77248295500194,-1.77097784785329,,,9.05672453006534,9.05707151216183,0.010407973754342,0.010407973754359,0,2.99605761680093E-07,-1.20762241880769E-07,
1626093015.5199,3.10510924044497E-06,-3.07907288897023E-06,5.72,4.82,1.70464431903383E-06,-1.58571565407328E-05,1.28048777580261,-0.0078125,0,-2.65506400987285E-11,0.001610846103164,3.40940315309913E-07,0.001528070931516,-1.77248975855247,-1.77101322092026,,,9.05745987262622,9.0578068547227,0.010281447631534,0.010281447631549,0,1.97238765695793E-07,-1.98767737986592E-07,
1626093015.5799,2.99398441112865E-06,-3.0411795517503E-06,5.71,4.82,1.70464431903383E-06,-1.58571565407328E-05,1.40243899822235,-0.009765625,0.005859375,-1.80381161523686E-11,0.000811557550327,2.80218333003074E-07,0.000888072618237,-1.77252467178434,-1.77112897520692,,,9.05817804303821,9.05852502513468,0.009849045847595,0.009849045847608,0,1.16949821078535E-07,-2.40275966060102E-07,
1626093015.6399,2.82845050754823E-06,-2.98233673104389E-06,5.74,4.8,0.542221426963806,0.049025386571884,1.03658533096313,-0.3466796875,-0.12841796875,0.118690408774272,-0.001373435271535,0.07903947056693,0.001669098815805,-1.76543368115792,-1.76806352538437,0.495,0,9.05969934702908,9.06004629935566,0.009192364523672,0.009192399700274,0,1.89454161805441E-05,2.48792165797027E-05,0
1626093015.7599,2.64698984183629E-06,-2.90813786169016E-06,5.69,4.72,0.513489305973053,0.001119671389461,-0.426829278469086,0.0263671875,0.00244140625,0.226915043443662,0.001633686335832,0.183680423029882,0.000797250148304,-1.76935416987644,-1.76811155802927,0.495,0,9.06175659069421,9.06210283407815,0.010441298465646,0.010441544184172,0,-0.000152949991879,-0.000110083562827,0
1626093015.8199,2.55486821962404E-06,-2.86691184805111E-06,5.71,4.6,0.29155233502388,0.015445102006197,8.84146404266357,-0.31103515625,0.236328125,0.235664265665288,0.007350419925615,0.235883898466824,0.004852396363231,-1.77098716707205,-1.76929069111129,0.495,0,9.06384794685873,9.06419213926956,0.01076441533749,0.01076501557911,0,-0.000161766081818,-0.000157062377631,0
1626093015.8799,2.46343044988939E-06,-2.82366251985014E-06,5.72,4.54,1.70464431903383E-06,-1.58571565407328E-05,-0.304878056049347,-0.00634765625,0.01513671875,0.16802908399574,-0.001147215233638,0.22724809651407,0.0002974486463,-1.77221707705417,-1.77056359075345,0.495,0,9.06526241488346,9.06560471884133,0.010248561839305,0.010249331703282,0,-0.000129118054781,-0.000160743865473,0
1626093015.9419,2.32661918006575E-06,-2.75657290672835E-06,5.64,4.53,0.466505259275436,-0.016574705019593,2.98780488967896,-0.1318359375,0.39990234375,0.18014125968039,-0.001650405998042,0.196584074561827,-0.00079494779009,-1.7706812733992,-1.77110249513238,0,0,9.06781687770519,9.06815611538962,0.009621285188535,0.009622075450891,0,-4.51651517781054E-05,-0.000101080858133,0
1626093016.2399,1.91484667297708E-06,-2.51551561315577E-06,5.58,4.41,0.004009276162833,0.329125285148621,-44.9390258789063,0.04345703125,0.0947265625,0.007154675735738,0.15230802358779,0.014839428097121,0.196189575653879,-1.30934658311027,-1.46504958812952,0,0,9.07468534923178,9.07502046877662,0.009630930750168,0.009631119471372,0,-0.000563566373747,-0.000354898872775,0
1626093016.2999,1.85411927642744E-06,-2.47487314019844E-06,5.59,4.35,4.65844777863822E-06,4.33343993790913E-05,1.52439022064209,-0.0283203125,-0.0224609375,0.004042958580014,0.124778457481935,0.004280167504949,0.191775450035041,-1.2389277520404,-1.32025715092216,0,0,9.07556695147091,9.07590206923458,0.008915371025518,0.00891549245613,0,-0.000506794467933,-0.000453574640761,0
1626093016.3599,1.79205967838749E-06,-2.43161385458963E-06,5.59,4.31,4.65844777863822E-06,4.33343993790913E-05,1.21951222419739,-0.0009765625,0.00830078125,0.02296433039617,0.015690738431006,-0.002243772931609,0.041992264403502,-1.23804913581328,-1.25866973643011,0.495,0,9.07693270109683,9.07726781081838,0.010338191151394,0.010338262090671,0,-0.000375280999504,-0.000463506395423,0
1626093016.4199,1.72971039198468E-06,-2.38643929599473E-06,5.61,4.28,0.407260119915008,0.032652534544468,-2.98780488967896,-0.10400390625,-0.21728515625,0.093619562927895,-0.000885561202757,0.033448039613015,0.006251009146597,-1.25125053561638,-1.25117087522266,0.495,0,9.07767444967442,9.07800955320835,0.010267788264783,0.010267833777129,0,-0.000403853386821,-0.000439372893413,0
1626093016.4799,1.6678147204101E-06,-2.33991754472714E-06,5.59,4.2,0.527565538883209,-0.017399353906512,-0.060975611209869,-0.125,-0.0615234375,0.151877694557757,0.021855377958172,0.083707458813928,0.021043198212383,-1.24307105961122,-1.24599688526708,0.495,0,9.07846070399598,9.07879575950814,0.009816310514029,0.00981637774567,0,-0.000194282946641,-0.000376933495508,0
1626093016.5459,1.57434732367656E-06,-2.26764808047727E-06,5.54,4.04,0.468713879585266,-0.015225347131491,0.853658556938171,0.103515625,0.02734375,0.230411743704721,0.006009673271164,0.196334232613081,0.009607516173856,-1.23835738928244,-1.23759218887973,0,0,9.08048088058597,9.08081512298425,0.009317421248955,0.009317762850545,0,4.55614942132502E-06,-8.55260861362964E-05,0
1626093016.5999,1.52471446170486E-06,-2.22741107026376E-06,5.47,3.91,0.017590632662177,0.014172646217048,1.95121955871582,0.05224609375,0.1669921875,0.205197187594299,0.003464213276764,0.221854062990767,0.004039151414297,-1.23792541721326,-1.23708512474438,0,0,9.08174859891071,9.08208178496266,0.00893493521879,0.008935499328002,0,4.91792418814055E-05,-4.24160791492752E-06,0
1626093016.6599,1.47389824683099E-06,-2.18475789889809E-06,5.45,3.83,2.46798390435288E-06,-2.29579891311005E-05,1.46341466903687,0.00048828125,0.00439453125,0.126381419592988,0.003013149918823,0.184645525772352,0.002898490170085,-1.23777532847399,-1.23722446971472,0,0,9.0834227258423,9.08375423110386,0.00888645922113,0.008887181149739,0,6.37206824511234E-05,5.3548862763973E-05,0
1626093016.7199,1.42277718654007E-06,-2.14040497737393E-06,5.43,3.81,2.4980813577713E-06,-2.32379643421154E-05,1.34146344661713,0,-0.00341796875,0.06242442636076,0.001424802507915,0.127808173491443,0.001653439905474,-1.23783591590151,-1.23724607587689,0,0,9.08491906138106,9.08524941051057,0.010424224691088,0.010424913239072,0,7.30953601819919E-05,8.48183619361185E-05,0
1626093016.7799,1.37198363787449E-06,-2.09492315319945E-06,5.41,3.82,0.008791289292276,0.423123896121979,-20.6707324981689,-0.05859375,0.017578125,0.034711488194687,0.181484429281551,0.078756046512397,0.110489865917777,-1.19930482832045,-1.2176196778367,0,0.99,9.08582844943127,9.08615841630586,0.010086534351452,0.010087053274553,0,3.98687719297438E-05,8.80577303401044E-05,0
1626093016.8399,1.29627147918869E-06,-2.02588268863733E-06,5.4,3.78,0.000126969927805,0.181980893015861,-33.4146347045898,0.06103515625,0.0791015625,0.007893575454141,0.170740093507276,0.018313356666933,0.207707605590208,-0.81314816488556,-0.943116036320933,0,0,9.08817455219069,9.08850445125377,0.009613923769316,0.009614148262091,0,-0.000419857296855,-0.000198834933339,0
1626093016.8999,1.25519250459558E-06,-1.98655971378449E-06,5.41,3.8,8.76026604146318E-07,-8.14908435131656E-06,1.89024388790131,0.00830078125,0.02880859375,0.004169216298097,0.120028586385995,0.006741974958458,0.17482836017579,-0.763090993274696,-0.821617495877998,0,0,9.08908650391322,9.08941641063714,0.008909422944607,0.008909570603784,0,-0.000335648171385,-0.000294212365676,0
1626093016.9599,1.21320491919878E-06,-1.94515194954549E-06,5.42,3.83,8.76026604146318E-07,-8.14908435131656E-06,1.34146344661713,-0.0009765625,0.00244140625,0.023446514987143,0.041754289028915,0.002893714874023,0.067517793408067,-0.76559708261687,-0.768557510567151,0.495,0,9.09035437818053,9.0906842882483,0.008886449502301,0.00888652691482,0,-0.000253292198346,-0.000299861342894,0
1626093017.0259,1.17000905833429E-06,-1.90100740770102E-06,5.43,3.83,0.324858784675598,0.032719328999519,-3.96341466903687,-0.0390625,-0.421875,0.087856513502983,0.000239095665403,0.031681418283817,0.010868933533653,-0.779531071255109,-0.766160515581375,0.495,0,9.09124855667479,9.09157846639838,0.01026679708221,0.010266853654264,0,-0.000281039042443,-0.000281437262209,0
1626093017.0799,1.12842745284465E-06,-1.85770267482693E-06,5.33,3.77,0.528806924819946,0.032718747854233,-0.182926833629608,0.27001953125,-0.3984375,0.151189408305617,0.015109458538627,0.084959468771868,0.013783557474107,-0.772776833763905,-0.76761357001099,0.495,0,9.0922278807973,9.0925577887239,0.010006348867275,0.010006423401171,0,-0.000101052112924,-0.000240571392309,0
1626093017.1399,1.06635530563744E-06,-1.7920269686232E-06,5.11,3.51,0.368019819259644,0.031636413186789,1.03658533096313,-0.052734375,-0.0703125,0.231208374760304,0.012955461663949,0.185884747692805,0.015951964582121,-0.766983366353438,-0.763396703170437,0,0,9.09388458269279,9.09421451521725,0.009150757886027,0.009151041019525,0,4.01744011430192E-05,-2.0522829989434E-05,0
1626093017.1999,1.03262668808466E-06,-1.75479810956278E-06,5.07,3.51,0.005457888357341,0.050771057605744,1.03658533096313,-0.00439453125,0.01611328125,0.200750614037115,0.008902345626708,0.214677693180751,0.010624673668735,-0.766470805444406,-0.763603233660188,0,0,9.09546441695015,9.09579442014474,0.009195765252556,0.009196303776566,0,4.13608528543171E-05,3.03907550397934E-05,0
1626093017.2599,9.9812904060509E-07,-1.71571591188257E-06,5.06,3.54,4.03852209274191E-06,3.75676463590935E-05,1.21951222419739,-0.0029296875,0.01806640625,0.122601114158105,0.004385875544032,0.179127521784383,0.005110571651214,-0.7657387478125,-0.764251514706723,0,0,9.09673908436721,9.09706915917509,0.008832771934317,0.008833431354357,0,5.30471678496852E-05,5.32993551988792E-05,0
1626093017.3199,9.63449522933844E-07,-1.67543833127586E-06,5.05,3.57,0.006287500727922,-0.563462853431702,22.9878063201904,-0.04833984375,0.03173828125,0.060879966082053,-0.168456415462088,0.124348599368803,-0.101455480957071,-0.796380902305326,-0.782482152969032,0,-0.99,9.09822887915577,9.09855900903692,0.010411036932737,0.010411676125297,0,7.43914334085037E-05,7.44691903893371E-05,0
1626093017.3799,9.29008603058391E-07,-1.63447223609128E-06,5.06,3.59,0.010636526159942,-0.933355331420898,54.634147644043,0,-0.07861328125,0.036380776089562,-0.189326739178437,0.086484440627966,-0.177323134398153,-0.948764131327964,-0.838738766741742,0,-0.99,9.09904500763412,9.09937512560571,0.009810682902586,0.009811197702285,0,0.000190570577242,0.000109722297089,0
1626093017.4419,8.77456321939781E-07,-1.57224125393852E-06,5.03,3.54,0.008104788139462,-0.883693635463715,54.2682952880859,0.01904296875,-0.001953125,0.015739655164132,-0.184985126843009,0.023899052212099,-0.242015495900379,-1.40043223422912,-1.26565676401585,0,-0.99,9.10198312091213,9.10231310452945,0.009599481920411,0.00959969418826,0,0.000146403476823,0.000191985980398,0
1626093017.52172,8.47210967207667E-07,-1.53375674764243E-06,5.13,3.54,0.00400477135554,-0.362916469573975,41.0975608825684,-0.0234375,-0.03369140625,0.011661876267709,-0.184915292605009,0.014127996593448,-0.264736771692635,-1.5714453555629,-1.43724607956663,0,-0.99,9.10317478149019,9.10350473452708,0.01036376996571,0.010363930564494,0,9.24592531404582E-05,0.000164420634124,0
1626093017.55572,8.20127161732074E-07,-1.499232194716E-06,5.18,3.57,5.03070623381063E-06,-4.67972677142825E-05,1.09756100177765,0.00830078125,0.02734375,0.006537798127728,-0.151312672801008,0.002739159986606,-0.196751287563894,-1.63716482245229,-1.61806273212203,0,-0.99,9.10510569821491,9.10543562906731,0.010566591530919,0.010566678348215,0,6.50618699288926E-05,0.000116993156603,0
1626093017.61572,0.001953787353361,-1.46284076838643E-06,5.23,3.61,5.03070623381063E-06,-4.67972677142825E-05,1.40243899822235,-0.00439453125,0.017578125,0.003685627587142,-0.024499021420604,-0.002552913634767,-0.06876940271874,-1.63171346103816,-1.64385680924929,0,-0.99,9.10613316276029,9.1064630895345,0.010324092612304,0.010324141757552,0,4.93334770646302E-05,8.78607927540106E-05,0
1626093017.67572,0.005407377941779,-1.42225073946104E-06,5.25,3.63,0.008897375315428,-0.792304635047913,42.7439041137695,0.04345703125,-0.00537109375,0.002743296177597,-0.178100748206729,-0.005067783479621,-0.134468703547749,-1.6556345907427,-1.66144444478825,0,0,9.10697106850676,9.10730099222256,0.009831285706216,0.009831312395295,0,3.66590152949077E-05,6.52163294636411E-05,0
1626093017.73572,0.011605196153815,-1.48144722048167E-06,5.04,3.64,2.01995976567559E-06,-1.87903224286856E-05,1.40243899822235,-0.0009765625,0.013671875,0.001506725713787,-0.018226547779994,-0.005436100357938,-0.035953539034017,-1.75538392696668,-1.74599301809467,0,0,9.1088510269103,9.10918094503796,0.009126424176581,0.009126431620472,0,1.61753325751085E-05,2.28182238244329E-05,0
1626093017.79572,0.016385619570401,-1.02601759882444E-06,5.08,3.65,0.178449839353561,-0.033332820981741,-0.182926833629608,0.00048828125,-0.05859375,0.077448077655016,0.017284106627556,0.021999570714337,0.001222787829645,-1.75046497847524,-1.75158979309781,0.495,0,9.10982870020245,9.11015861809725,0.009964286042146,0.009964291895192,0,1.01756589330891E-05,1.5292423066317E-05,0
1626093017.85572,0.022152544112499,1.686627005347E-06,5.07,3.62,0.531446576118469,-0.017456358298659,5.6097559928894,-0.302734375,-0.19677734375,0.122936851252111,0.001588512686808,0.071895001830975,0.006093268882174,-1.74210388459141,-1.74609219377081,0.495,0,9.11073391842831,9.1110638160369,0.010265239831368,0.010265277257352,0,8.60642196341973E-05,5.67752664300782E-05,0
1626093017.91572,0.026917944990736,6.0934771774993E-06,5.07,3.57,0.497535616159439,0.01504139136523,4.63414621353149,-0.0751953125,0.076171875,0.185628241880039,-0.007677674811779,0.126299973200971,-0.008019424390661,-1.74896723485404,-1.74712948061271,0.495,0,9.11158080058366,9.11191053987794,0.010190724829993,0.010190835117961,0,-0.000187609358794,-2.35649964353387E-05,0
1626093017.97572,0.031293689202344,9.32724067502809E-06,5,3.45,0.497822135686874,1.91622821148485E-05,0.304878056049347,-0.39404296875,0.193359375,0.222452239630592,0.003806787329923,0.18019829823542,2.74586726769508E-05,-1.75052796711302,-1.74909827645519,0.495,0,9.11259692888611,9.11292613711978,0.009798135239936,0.009798384662972,0,-0.000226696645113,-0.000148589045186,0
1626093018.02172,0.034192769902553,1.18542123988182E-05,5.11,3.26,0.365915358066559,0.017200671136379,-1.09756100177765,-0.19580078125,0.10302734375,0.236945849609371,0.002206750374582,0.221721918651961,0.001259708295204,-1.75194286985903,-1.75000382109735,0,0,9.11396089483115,9.11428879973391,0.010116049156635,0.010116512527946,0,-0.000226577075996,-0.000205366931131,0
1626093018.03572,0.037726739352646,1.13390971522425E-05,5.15,3.18,1.21642040085135E-06,-1.13155383587582E-05,0.914634168148041,0.0078125,0.04638671875,0.210568570256251,-0.00366030218852,0.231598082614743,-0.003245887451666,-1.7526336675385,-1.75190569043458,0,0,9.11509208431733,9.11541857774761,0.008879831260515,0.008880491906545,0,-0.000212708436171,-0.000227807568563,0
1626093018.09572,0.041931580466189,7.05594990101962E-06,5.17,3.18,1.21642040085135E-06,-1.13155383587582E-05,1.28048777580261,0.005859375,0.021484375,0.124189214120019,0.002873060046168,0.193267604348792,0.002061959761905,-1.75157700728792,-1.75182276029673,0,0,9.11673940431139,9.11706374608342,0.009903666402778,0.009904457798763,0,-0.000183728971315,-0.000223216432133,0
1626093018.15572,0.046848599964131,-2.35094868012697E-07,5.19,3.18,0.005520610604435,0.131855919957161,1.34146344661713,-0.00390625,0.015625,0.063726378168718,0.049568797598386,0.133518874653163,0.019359469560048,-1.75056331023998,-1.75034002497413,0,0.99,9.11799038301161,9.11831346542135,0.010250987991999,0.0102517039809,0,-0.000130507251608,-0.000193479616932,0
1626093018.21572,0.052237148244113,-9.58199540571909E-06,5.15,3.19,0.003908002749085,0.883686721324921,-33.5365867614746,-0.037109375,0.06201171875,0.030084171511299,0.155463032287457,0.083075868007054,0.135864076527151,-1.64490004221672,-1.71761425991191,0,0.99,9.11894294702012,9.11926564553496,0.010187213319573,0.010187753351393,0,-0.000245650966934,-0.00017837256248,0
1626093018.27572,0.057804637718704,-1.955707866249E-05,5.15,3.12,0.01226491201669,0.905618488788605,-50.1829261779785,0.0517578125,0.0126953125,0.015084455034667,0.141727198572766,0.045321044006578,0.159471493225073,-1.43491932871802,-1.61332205698291,0,0.99,9.12000336906728,9.12032587871751,0.009798099149448,0.009798465928662,0,-0.000534530004471,-0.000287484650318,0
1626093018.33572,0.066101261200083,-3.45486247279192E-05,5.08,3.07,0.005057544913143,0.616748631000519,-56.4024391174316,0.03076171875,0.01904296875,0.000651138377242,0.161185470248714,0.004314205332327,0.22232624727615,-0.976857635142859,-1.20025963086704,0,0.99,9.12230513000335,9.12262758519936,0.009130652946378,0.00913079086077,0,-0.000862781474418,-0.000710280917733,0
1626093018.39572,0.07041795058535,-4.23387143412866E-05,5.06,3.08,0.002273481572047,0.017421949654818,0.243902444839478,0.0126953125,-0.00341796875,-0.000489032511911,0.172755269241449,-0.005949540024077,0.228574007955757,-0.876897024804894,-0.938567923983327,0,0.99,9.1240481512649,9.12437060436636,0.00920170870674,0.009201779135575,0,-0.000716075716477,-0.000799029175605,0
1626093018.45572,0.074537688365573,-4.94894768777366E-05,5.03,3.09,0.008738376200199,0.916846573352814,-45.7926826477051,0.03466796875,-0.03173828125,-0.000965194413171,0.207342454327489,-0.010003759117804,0.22598955705356,-0.811471950121013,-0.850288063404037,0,0.99,9.12551501965901,9.12583747114343,0.010274782048334,0.010274825654456,0,-0.000575947032363,-0.000746332829388,0
1626093018.52172,0.078193870421451,-5.47900811728159E-05,5.01,3.11,0.008632128126919,0.939411818981171,-57.4390258789063,-0.0439453125,0.02783203125,-0.002506131095424,0.188835429311167,-0.010882335083461,0.218654661042923,-0.611337567346644,-0.754224990355993,0,0.99,9.12646754949625,9.1267900012031,0.009870973043425,0.009870999006562,0,-0.000576889122089,-0.000680758204474,0
1626093018.57572,0.081549738262574,-5.82324236432143E-05,4.99,3.13,0.012790139764547,0.949928045272827,-55.3658561706543,0.00732421875,0.02490234375,-0.003929219019865,0.183385306669397,-0.01237588834452,0.221552835829483,-0.38485529872048,-0.565525382989205,0,0,9.12800560655257,9.12832806029457,0.010338828197112,0.010338841271944,0,-0.000621604153116,-0.000660208168137,0
1626093018.63572,0.08445205534789,-6.13700448927755E-05,4.94,3.15,0.000489235855639,-0.031608924269676,4.14634132385254,-0.00927734375,0.056640625,-0.004134433671264,0.156539860338827,-0.012584112831711,0.232587776357531,-0.201802304349935,-0.302567402810232,0,0,9.12969777682705,9.1300202348996,0.010120982586498,0.010120988125804,0,-0.000582706499042,-0.000651983782488,0
1626093018.69572,0.086867884172799,-6.41461593454786E-05,4.93,3.13,4.85643477077247E-06,4.51761370641179E-05,1.34146344661713,-0.0029296875,0.021484375,-0.002387696569775,0.035581502565493,-0.011608942904299,0.127423961361753,-0.196060167504534,-0.217686664237544,0,0,9.13086405421649,9.13118651680614,0.010173940275152,0.010173943708453,0,-0.000437613671551,-0.000584301764808,0
1626093018.75572,0.088718708416028,-6.61190339374586E-05,4.91,3.09,0.001124516129494,-0.08278052508831,1.28048777580261,-0.005859375,0.02099609375,-0.001284556025078,-0.047403930087939,-0.009747307462999,0.002586443226801,-0.199961701296534,-0.202182961462135,0,-0.99,9.13174733105861,9.13206979775342,0.010321963698751,0.010321966159772,0,-0.000326755851538,-0.000467837521209,0
1626093018.81572,0.089766607998642,-6.73077125622493E-05,4.93,3.05,0.001625197823159,-0.312732130289078,34.573169708252,-0.0205078125,0.00390625,0.000804020376415,-0.126655490333013,-0.007043070367873,-0.117707790133295,-0.300299591864317,-0.242494893594331,0,0,9.13278667819583,9.13310914861552,0.010331203355594,0.01033120577145,0,-0.000269625257457,-0.000342732971675,0
1626093018.87572,0.089743207903205,-6.78485181679919E-05,4.92,3.02,2.8319350349193E-06,-2.63435813394608E-05,0.426829278469086,0.00439453125,0.0146484375,0.000933439268639,-0.122282782753782,-0.00481490927398,-0.137344223326585,-0.352425329676855,-0.309931033922741,0,0,9.13372461085834,9.13404708300761,0.010143743003896,0.010143745642785,0,-0.000196093339576,-0.000267004839751,0
1626093018.93772,0.088393029732557,-6.78543990834254E-05,4.91,2.97,0.004869932308793,0.427188396453857,-22.5609760284424,-0.0703125,-0.0888671875,0.000122749152984,0.125804723703782,-0.003054681765611,0.075469799654035,-0.321303224558175,-0.335445034737564,0,0.99,9.13547667956972,9.13579915416063,0.010115229464127,0.010115232571499,0,-7.93311628390294E-05,-0.000112829865357,0
1626093019.02172,0.084775468148865,-6.66881131977877E-05,4.9,3.01,0.001989364624023,-0.015243574976921,0.97560977935791,0.00830078125,0.01318359375,-0.001028135521442,0.10517823479497,-0.003128942075929,0.108965729605435,-0.221413604647894,-0.295360345032029,0,0,9.13626673297968,9.13658920827344,0.010157282125167,0.010157285343239,0,-7.80787235490925E-05,-7.64920448980734E-05,0
1626093019.05572,0.080417473785201,-6.45812454772898E-05,4.92,3.02,3.5199505532546E-08,3.2743724887041E-07,1.28048777580261,-0.0166015625,0.02001953125,-0.00069189022017,0.019016958953983,-0.003041265873164,0.039580981239346,-0.212002827058382,-0.244434436002837,0,0,9.13729295118833,9.13761542721845,0.009942395775948,0.009942398851625,0,-3.28488850781915E-05,-3.32506434068428E-05,0
1626093019.11572,0.074452484024443,-6.13734448582819E-05,4.92,3.07,3.47754145479939E-08,3.23492230336342E-07,1.34146344661713,-0.0048828125,0.0048828125,-0.000356341871606,0.006215626523415,-0.002788361288345,0.014646931224038,-0.213377223969995,-0.231783842583493,0,0,9.13799515200445,9.13831762861343,0.010258845809764,0.010258848747366,0,3.18189325144129E-07,-3.25777014139719E-06,0
1626093019.17572,0.069386229917455,-5.73417620559312E-05,4.9,3.06,3.5199505532546E-08,3.2743724887041E-07,1.28048777580261,-0.0146484375,0.01806640625,-0.000201355936509,0.001859560833119,-0.00221074368834,0.003987037596443,-0.213620105938789,-0.223986837152362,0,0,9.13894298502303,9.13926546224835,0.010145033131239,0.010145035730809,0,2.13551879034667E-05,3.20628358114686E-05,0
1626093019.23572,0.062456189622163,-5.10762782798353E-05,4.93,3.01,0.005040038377047,0.080633364617825,14.8780488967896,-0.0224609375,0.037109375,0.001820207058879,-0.156609382402037,-0.000765143651514,-0.158410592209234,-0.369281888824731,-0.27863337501719,0,0,9.14037866507599,9.14070114287543,0.009173855037349,0.009173857017799,0,-2.22969830567379E-05,4.24090992341803E-05,0
1626093019.29572,0.059672231090879,-4.72346579078592E-05,4.93,2.99,0.008909721858799,0.611389994621277,0.304878056049347,-0.0029296875,-0.02294921875,0.001155911818699,0.009109296188802,0.000179759545207,-0.064764717967346,-0.382562555254012,-0.357630894851381,0,0.99,9.14169251648879,9.14201499460387,0.009225267399577,0.009225269032799,0,-5.21394611008496E-07,2.6748253304053E-05,0
1626093019.35572,0.057584196132461,-4.31410816695557E-05,4.92,2.99,0.011259991675615,0.80648672580719,-33.3536605834961,-0.01123046875,-0.017578125,-2.93863996962466E-05,0.145859908076425,-7.31315356160285E-05,0.107131464789199,-0.308570536687282,-0.342244037041233,0,0.99,9.14260363420653,9.14292611260334,0.010346193022365,0.01034619449656,0,-5.54508229983615E-06,2.70248689175459E-05,0
1626093019.41572,0.054379187311524,-3.86403083379981E-05,4.89,2.99,0.00877199973911,0.940521359443665,-54.9390258789063,0.0009765625,0.01171875,-0.002472559784906,0.131550991544994,-0.001411567444966,0.155700109417326,-0.085821562307178,-0.226902618743914,0,0.99,9.14383317911357,9.14415565766082,0.010299131482111,0.010299132646012,0,-0.000151703750675,-3.19521836405495E-05,0
1626093019.47572,0.050896958675696,-3.32648593081629E-05,4.86,2.94,0.006898862775415,0.957945883274078,-49.3902435302734,-0.02197265625,0.009765625,-0.003821732478201,0.136570302837486,-0.002939114873773,0.192714437225715,0.13603624089906,-0.046992685828321,0,0.99,9.14490074764326,9.14522322631184,0.01013695587454,0.010136956826,0,-0.000272449433038,-0.000140642241193,0
1626093019.52172,0.047360963653285,-2.90897408196269E-05,4.91,2.99,4.81394135931623E-06,4.47808488388546E-05,3.84146356582642,0.03369140625,-0.03125,-0.004113380929624,-0.012821947603529,-0.00400753450049,0.1670464173138,0.349816080901046,0.174605491474152,0,-0.99,9.14606373801501,9.14638621698896,0.009898631498682,0.009898632311944,0,-0.000327225443563,-0.000239554775103,0
1626093019.53572,0.045227502627493,-2.43489872335578E-05,4.93,3.01,0.010665466077626,-0.595057487487793,20.0609760284424,-0.0068359375,-0.0380859375,-0.003204042153724,-0.059618929054488,-0.004110789453946,0.026989555321259,0.364157287812056,0.276581483768043,0,-0.99,9.1467440532953,9.14706653259436,0.009218635518508,0.009218636247583,0,-0.000270645783329,-0.000271859421888,0
1626093019.59572,0.043680914943484,-1.90754756819666E-05,4.92,2.99,0.012295485474169,-0.917923152446747,50.060977935791,-0.00146484375,-0.0302734375,-2.17372103589726E-05,-0.059165164904321,-0.002630269909628,-0.042028337565114,0.242619092239848,0.274989980596276,0,-0.99,9.14763182641918,9.14795430622921,0.009602230107394,0.009602230748061,0,-0.000303386177099,-0.000292121137389,0
1626093019.65572,0.042817172437533,-1.39148284635223E-05,4.89,2.96,0.011280568316579,-0.989505767822266,56.6463432312012,0.10888671875,0.01806640625,0.002288134842203,-0.091027572020851,-0.000321760852164,-0.133923256499432,-0.020300385091726,0.16653370393488,0,-0.99,9.14867725875008,9.14899973865928,0.010389432562333,0.010389433070198,0,-0.000376991247379,-0.000345349320005,0
1626093019.71572,0.042293695660064,-9.78207682951297E-06,4.91,2.98,0.008026012219489,-0.511130690574646,23.1097564697266,-0.0458984375,-0.068359375,0.004259887832313,-0.129793118499638,0.001692304567984,-0.217621289641122,-0.296787248500624,-0.033627923990503,0,-0.99,9.14973659542252,9.15005907528393,0.010112578886272,0.010112579277537,0,-0.000529070809196,-0.000422172653175,0
1626093019.77572,0.041541480799518,-6.59513415800005E-06,4.9,2.97,4.81302413390949E-06,-4.4772317778552E-05,1.34146344661713,-0.015625,0.0048828125,0.002701717082749,-0.027048279959667,0.002990912831673,-0.143709316376707,-0.335297859702432,-0.241017308545908,0,-0.99,9.15102238096053,9.15134486096734,0.009886020855526,0.009886021199392,0,-0.000396987359123,-0.000474534118603,0
1626093019.83572,0.03970588316205,-2.15521308155565E-06,4.91,2.96,0.176082789897919,0.034888062626124,1.52439022064209,0.00439453125,-0.27392578125,0.0898520698727,0.015111457574409,0.026309941205481,-0.006286419669589,-0.323956037520619,-0.315090613228871,0.495,0,9.15258713761425,9.15290961886852,0.009214820406943,0.009214821397565,0,-0.000216108987265,-0.000345111130526,0
1626093019.89572,0.037247672196931,2.52015670654479E-07,4.88,2.95,0.53095418214798,0.014122748747468,9.69512176513672,0.07958984375,0.04296875,0.122857738408054,-0.00509473211569,0.074957839105596,0.005596224539567,-0.323039858769431,-0.315548487058583,0.495,0,9.15351135336331,9.15383386710379,0.009597375938194,0.009597405606199,0,-9.26486903741323E-05,-0.000215475964037,0
1626093019.95572,0.03348484432563,2.83999514515956E-06,4.82,2.99,0.499463886022568,0.01529110968113,0.792682945728302,-0.0693359375,-0.0595703125,0.178526096228273,-0.000636101368379,0.131908647197795,-0.009256007738378,-0.328795416955807,-0.321021297704879,0.495,0,9.1545859955417,9.1549087044423,0.010349546421594,0.010349658948153,0,-0.000227706568915,-0.000182169284273,0
1626093020.02172,0.028427763965486,5.59279024420141E-06,4.73,3.01,0.475011020898819,-0.033788666129112,0.853658556938171,-0.1318359375,-0.02587890625,0.228463019614789,0.003156532001714,0.185019142741097,0.003509775888301,-0.330539523025054,-0.325001538139794,0,0,9.15562041184987,9.1559436460659,0.010095663392304,0.010095913728077,0,-0.000298696141531,-0.000239800457289,0
1626093020.07572,0.02268102718542,8.33587087098915E-06,4.61,3.04,0.098077297210693,0.00111608102452,0.304878056049347,0.0771484375,0.15869140625,0.223054710899862,-0.003844117763631,0.223142154009905,0.00539644547069,-0.333351898207552,-0.328269345426505,0,0,9.15685553215868,9.15717981107716,0.009872982205381,0.009873435513069,0,-0.000270130353632,-0.000266977484684,0
1626093020.13572,0.01353128217204,1.23978529691556E-05,4.52,3.04,0.009870698675513,-0.889319658279419,41.5853652954102,-0.029296875,0.0595703125,0.085723260458496,-0.20390164660736,0.170086699475941,-0.165444881181896,-0.416346253547016,-0.365282570378666,0,-0.99,9.1594793671349,9.15980627877491,0.009164086694372,0.009164783163965,0,-5.22923425113757E-05,-0.000208952991023,0
1626093020.19572,0.007913708474869,1.45148267026289E-05,4.53,3.06,0.01052616070956,-0.92420357465744,55.7926826477051,-0.04736328125,0.0859375,0.05172520874838,-0.179900832653667,0.115103524152825,-0.194050752711149,-0.615755267367026,-0.493470566774925,0,-0.99,9.1611201481583,9.16144792090179,0.009590510444822,0.009591109797113,0,0.000361820017024,1.8983423963922E-05,0
1626093020.25572,0.001999163663499,1.65462872459051E-05,4.51,3.01,0.012775098904967,-0.939443230628967,50.5487823486328,0.0966796875,-0.02392578125,0.030541838993646,-0.165301873675339,0.06441727659841,-0.210690156567613,-0.845687361645229,-0.7338974038098,0,-0.99,9.16291464398686,9.1632426325854,0.009970370489422,0.009970781614461,0,0.000494685342507,0.000328391583721,0
1626093020.31572,-0.003969465261154,1.8445010139359E-05,4.5,3,0.008914297446609,-0.941608309745789,54.0853652954102,-0.13818359375,-0.0341796875,0.01807211458595,-0.405042969265684,0.034200004737261,-0.361319193817406,-1.1377571232018,-1.03750469660587,0,-0.99,9.1650271320336,9.16535510693433,0.010106325272693,0.010106585022367,0,0.000370312142216,0.000410276729327,0
1626093020.37572,-0.009796137366374,2.01557699198408E-05,4.52,3.01,0.01049714628607,-0.909777164459228,51.6463432312012,-0.0107421875,-0.02001953125,0.01175496934547,-0.375890119721217,0.016792483648073,-0.417959042837136,-1.4048151037049,-1.34276425920558,0,-0.99,9.16803752241163,9.1683654492753,0.01042658091476,0.010426736650246,0,0.000214766868463,0.000363836416272,0
1626093020.43772,-0.018331255340626,2.25599818182546E-05,4.49,3.12,0.001625159406103,-0.312732487916946,33.2926826477051,-0.04248046875,-0.0126953125,0.00801928794111,-0.32682786669764,0.003226899569934,-0.387299194818235,-1.86062144106222,-1.75085107183732,0,0,9.17290096931356,9.17322886752219,0.010174709163897,0.010174766707324,0,-0.000109290546989,0.000129202793791,0
1626093020.49572,-0.022638557304356,2.25544505871882E-05,4.49,3.11,5.08868106408045E-06,4.73365689686034E-05,0.914634168148041,-0.00634765625,-0.0126953125,0.00553071278551,-0.167643668655122,-7.27429430835162E-05,-0.292731504611434,-1.92220025711119,-1.93080207443299,0,0,9.17574100537571,9.17606890028917,0.009951260715348,0.009951287949355,0,-0.000103450486305,-2.36676520999213E-05,0
1626093020.55572,-0.026784984214531,2.05810649051537E-05,4.49,3.11,5.08868106408045E-06,4.73365689686034E-05,1.28048777580261,0.00244140625,0.00439453125,0.003226237914138,-0.032513113634525,-0.001815565149546,-0.093638225936607,-1.91547808054634,-1.93426997949543,0,0,9.17707332226263,9.17740121605872,0.009205735947087,0.009205749570659,0,-8.96636580473626E-05,-6.83269643771625E-05,0
1626093020.61572,-0.030673822995033,1.52473361972344E-05,4.5,3.11,5.15150441060541E-06,4.79209702461958E-05,1.28048777580261,-0.00048828125,-0.00244140625,0.001827031989995,-0.007091041528638,-0.00404210792114,-0.017668317053715,-1.91390206955217,-1.92888144254154,0,0,9.17799677718649,9.17832467000996,0.010359711487671,0.010359719340975,0,-7.43836556942276E-05,-8.09097698571489E-05,0
1626093020.67572,-0.034240983699825,5.5353479026915E-06,4.51,3.12,0.021941635757685,0.130278035998344,-2.01219511032104,0.001953125,-0.0458984375,0.064669447043294,-0.000237854415234,0.006305102120513,-0.00359890937784,-1.91075353682359,-1.92475132433454,0.495,0,9.17851287478436,9.17884076653127,0.009897245891811,0.009897250473567,0,-6.31383627196622E-05,-8.04978366691356E-05,0
1626093020.73572,-0.03927458097816,-1.27287161542695E-05,4.61,3.07,0.512073755264282,-0.031958550214768,1.64634144306183,0.10986328125,0.16162109375,0.168763350602686,-0.006355793394107,0.115551994669674,-0.002418535425154,-1.9066972332151,-1.91034692883445,0.495,0,9.18043725146074,9.18076501817971,0.010157014373156,0.010157104416183,0,-0.00018093388401,-5.76673973596539E-05,0
1626093020.79572,-0.04157308898042,-2.81709073346974E-05,4.6,3.01,0.505938470363617,-0.030549494549632,-1.5853658914566,0.12939453125,-0.24658203125,0.215378399239292,-0.012003631440637,0.162530627672548,-0.009538700375159,-1.90895129702685,-1.91091567323549,0.495,0,9.18117076571014,9.18149827715515,0.009605551607998,0.009605742171973,0,-0.000259490855304,-0.000163719053682,0
1626093020.85572,-0.043630139909756,-4.71090714230378E-05,4.58,2.87,0.454704105854034,-0.016534017398954,1.09756100177765,0.1171875,-0.267578125,0.234070422764165,-0.003678781359395,0.216639159964224,-0.004511365959135,-1.90981497415215,-1.91133279810341,0.495,0,9.18259233583141,9.18291889070523,0.009399555347553,0.009399986895525,0,-0.00021048676628,-0.000217195043999,0
1626093020.91572,-0.045409106513088,-6.84201797684493E-05,4.52,2.76,0.070745266973972,-1.56842088472331E-05,2.31707310676575,-0.0126953125,0.17236328125,0.20644974905432,-0.002726688024933,0.235304615396754,-0.00102253823328,-1.91188973138789,-1.91149842336498,0.495,0,9.18432480694036,9.18464966524717,0.010392064083204,0.010392762198852,0,-0.000198731563821,-0.000224672415503,0
1626093020.97572,-0.04689562837575,-9.08557242531662E-05,4.48,2.65,0.046532887965441,0.032693907618523,1.28048777580261,-0.0087890625,0.0126953125,0.168551570248865,0.001849839291661,0.210065368887042,0.000846263722634,-1.91114238234964,-1.91141679352227,0.495,0,9.18567143723144,9.18599477920268,0.010155338880902,0.010156145664273,0,-0.00017020861568,-0.000212819185596,0
1626093021.02172,-0.04792204632477,-0.000108791914692,4.49,2.62,0.265988320112228,-0.03200662881136,1.64634144306183,0,-0.0087890625,0.149514727949664,0.005825297650175,0.18976083548425,0.003829256808465,-1.90982452204036,-1.91031844385359,0,0,9.18690474168005,9.18722683963802,0.009953336664734,0.00995412819894,0,-0.000129180270831,-0.000185220639433,0
1626093021.03572,-0.048821238819953,-0.00012671001175,4.47,2.55,2.71159387921216E-06,-2.52241297857836E-05,0.182926833629608,0.0087890625,0.02734375,0.122702178113238,0.000461203039222,0.163403990487831,0.001718465902044,-1.91010819762041,-1.90983239038993,0,0,9.18803952599679,9.18836061985177,0.009642724722127,0.009643435737106,0,-9.69164150480332E-05,-0.000144983902384,0
1626093021.09572,-0.04954399990377,-0.000145503741028,4.45,2.54,2.71159387921216E-06,-2.52241297857836E-05,1.28048777580261,-0.00390625,0.0283203125,0.072615712423745,0.001512350131826,0.120431298593249,0.001614133384337,-1.91011591711305,-1.9097611948549,0,0,9.18905425384963,9.18937465083554,0.009270344594369,0.009270933150671,0,-7.42647790281093E-05,-0.000109766379168,0
1626093021.15572,-0.050054988475403,-0.000162050455855,4.46,2.52,2.71159387921216E-06,-2.52241297857836E-05,1.28048777580261,0.0068359375,0.009765625,0.040587672082442,0.000744112375793,0.083186514054195,0.001122124013699,-1.91013560867911,-1.90971821565486,0,0,9.19006342769232,9.19038338904146,0.010342481584318,0.010342965375064,0,-5.69842323675685E-05,-8.49084055791496E-05,0
1626093021.21572,-0.050316258113872,-0.000172687313045,4.46,2.53,2.71159387921216E-06,-2.52241297857836E-05,1.34146344661713,0.00048828125,0.01708984375,0.020255123511958,0.000566906431882,0.041674436699834,0.000655430277883,-1.91016387888015,-1.90976065214219,0,0,9.19108423844144,9.19140409740438,0.010391283677757,0.010391591297118,0,-4.0023599465138E-05,-5.6638966046843E-05,0
1626093021.27572,-0.050344548406471,-0.000178275430026,4.46,2.52,2.67892414740345E-06,-2.49202239501756E-05,1.46341466903687,-0.01123046875,0.00830078125,0.011455124133085,0.000745367187379,0.019552537434781,0.000721296393613,-1.91015696287868,-1.9097510626536,0,0,9.19183817177603,9.19215805208157,0.010155212737907,0.010155407558181,0,-2.93913682194341E-05,-3.91535877996744E-05,0
1626093021.33572,-0.05019400418864,-0.000183036020242,4.46,2.5,0.211719006299973,-3.29882568621542E-05,-0.365853667259216,0.01171875,0.16259765625,0.090618158251046,0.0072338099254,0.05143015704345,0.004425151588362,-1.90799992050883,-1.90910205200415,0,0,9.19333697387814,9.19365688354164,0.009642627394374,0.009642707298163,0,-2.26028364876085E-06,-1.30137942333317E-05,0
1626093021.41772,-0.049738003108253,-0.000180862583519,4.47,2.45,3.73713533008413E-06,-3.47640489053447E-05,-1.70731711387634,0.01513671875,0.02001953125,0.081598368778641,0.000699874765235,0.070771247039147,0.002651021591954,-1.90874237775139,-1.90808294259545,0,0,9.19412536457341,9.19444517191807,0.009270231076217,0.00927032010887,0,8.44866203666041E-06,3.7315964309131E-06,0
1626093021.45572,-0.049234859995024,-0.000175871940211,4.47,2.42,3.73713533008413E-06,-3.47640489053447E-05,1.46341466903687,-0.01220703125,0.025390625,0.04201283742511,0.000379596982962,0.060648405768083,0.00049645904283,-1.90854181372895,-1.90816859858689,0,0,9.19503594677554,9.19535560491866,0.009407313495474,0.009407418542751,0,9.82010432446583E-06,1.30608611607815E-05,0
1626093021.52172,-0.048550889878772,-0.000168554691304,4.48,2.46,0.005822661332786,0.522187650203705,-18.1707324981689,-0.12060546875,0.0078125,0.022437606963398,0.194105398741561,0.040456063753195,0.105235662558192,-1.8786316717995,-1.89251413557992,0,0.99,9.19608680138509,9.19640635059886,0.010393982016722,0.010394079965766,0,1.15725273250211E-05,1.9274433553982E-05,0
1626093021.57572,-0.045979231934798,-0.000159523770932,4.46,2.39,0.01124751009047,0.987402617931366,-50.060977935791,0.0458984375,0.01708984375,0.009273133216322,0.182145361152886,0.022821208950916,0.192841837052528,-1.67885054174694,-1.81450781353225,0,0.99,9.19716643739379,9.19748595434596,0.010212511136921,0.01021258506208,0,-0.000200188753766,-2.16529579553204E-05,0
1626093021.63572,-0.040543738566653,-0.000144863344099,4.48,2.39,0.011023167520762,0.95574027299881,-53.9024391174316,-0.00537109375,-0.03515625,-0.000383172705584,0.17366322886722,-0.001286527396093,0.235741089506011,-1.23133039964117,-1.37200028648664,0,0.99,9.20003908955705,9.20035859349189,0.010035608830072,0.010035639208687,0,-0.000495892471404,-0.000357819926356,0
1626093021.69572,-0.035352160084429,-0.000137365317652,4.48,2.4,0.001895903376862,-0.01522564701736,-55.4268302917481,-0.021484375,0.03955078125,-0.002384293452527,0.180577561525016,-0.004501785531233,0.24674372476409,-1.06816065864756,-1.22944544092492,0,0.99,9.20090316529935,9.20122266863794,0.009684473232325,0.009684496362885,0,-0.000583229239697,-0.000453644966682,0
1626093021.75572,-0.028671154582143,-0.000132600730073,4.48,2.32,0.005891813896596,0.164562821388245,1.09756100177765,-0.0078125,0,-0.00177677160851,0.173054204452877,-0.007761313663727,0.186969538159721,-1.02903613676372,-1.05536384874967,0,0.99,9.20254496599557,9.20286446749296,0.009423028676951,0.009423042313582,0,-0.000448862037639,-0.000521620399864,0
1626093021.81572,-0.022564980974705,-0.000128987690021,4.46,2.32,0.006250957027078,0.88924241065979,-47.2560997009277,-0.03125,-0.0302734375,-0.002087729008594,0.299008693404776,-0.008933427644673,0.278044038037577,-0.922315026690906,-0.964821494779586,0,0.99,9.20413515905904,9.20445465916779,0.010402731176404,0.01040274056479,0,-0.000376099313696,-0.000481738002486,0
1626093021.87572,-0.016509464488479,-0.000123803421455,4.47,2.34,0.012813033536077,0.952155530452728,-54.6951217651367,-0.02734375,-0.03515625,-0.003049445962997,0.261431231073154,-0.008702697824393,0.292784851089827,-0.720873956149207,-0.847225723590427,0,0.99,9.20539490714435,9.20571440631379,0.009986087717234,0.009986094741728,0,-0.000402346393766,-0.000443730800048,0
1626093021.91772,-0.012106330274354,-0.000119559122484,4.5,2.33,0.00878591556102,0.928077220916748,-56.7073173522949,-0.0009765625,-0.0380859375,-0.004441575030871,0.238152102939899,-0.008991282675785,0.283674494482928,-0.494812518411463,-0.642283246014983,0,0,9.20718722405653,9.20750672316026,0.009874049363839,0.009874054604284,0,-0.000494036016351,-0.000462307458253,0
1626093021.93572,-0.007110685808278,-0.000112548501687,4.5,2.31,2.03412264454528E-06,1.8922070012195E-05,2.5,-0.0078125,0.017578125,-0.00328488953328,0.145016274802245,-0.008809626389953,0.252937236899671,-0.398225000961128,-0.447492065177472,0,0,9.20879484382429,9.20911434395345,0.009344450649644,0.009344454787042,0,-0.00039229238364,-0.000475914133663,0
1626093022.02172,-0.001260858394974,-9.9103144159185E-05,4.51,2.31,4.00827815383309E-07,3.72863087250153E-06,1.28048777580261,-0.00390625,0.009765625,-0.002016549521512,0.035852754605672,-0.007692360638745,0.112842244503741,-0.401759927347908,-0.39357391448569,0,0,9.21029778686483,9.21061728956611,0.009681835258307,0.009681838864315,0,-0.000301553799453,-0.000413203951659,0
1626093022.05572,0.005295245460457,-8.15398971243706E-05,4.51,2.3,3.95939679265211E-07,3.68315977539169E-06,1.28048777580261,-0.00927734375,0.0146484375,-0.001129499073606,0.005760588852412,-0.005740460253351,0.014132986483553,-0.403343143318954,-0.393839420102372,0,0,9.21127258550773,9.21159209017268,0.009417454126675,0.009417457121805,0,-0.000226352031036,-0.00031390564862,0
1626093022.11572,0.012369991228451,-5.98554228568923E-05,4.53,2.29,0.178392425179482,-2.4448996555293E-05,-0.121951222419739,-0.060546875,-0.45458984375,0.08178269907422,-0.007998726980955,0.03183834889137,-0.00428155132323,-0.413104394926374,-0.398861023363743,0.495,0,9.21234094618982,9.21266045013488,0.009248301327142,0.00924830593406,0,-0.000147309932051,-0.000204891104282,0
1626093022.17572,0.019602080730747,-3.65045614994892E-05,4.49,2.32,0.537063717842102,0.001046291785315,1.5853658914566,0.05615234375,0.06787109375,0.118886731557324,0.010846149720845,0.074315286560137,-0.00202492947441,-0.412950573072154,-0.404145235038523,0.495,0,9.21325225449222,9.21357177274674,0.010382039708811,0.010382075566,0,-0.000152256214486,-0.000183260696784,0
1626093022.23572,0.030369732457186,-1.26941190293725E-06,4.3,2.35,0.495923519134522,4.49287799710874E-05,-0.731707334518433,0.04296875,-0.02783203125,0.228061664572845,0.007947594920528,0.195162252384667,0.012706060945885,-0.402869932079564,-0.400396450585507,0.495,0,9.21545003421901,9.21577024013285,0.010244798313349,0.010245096481534,0,0.000202612262656,0.000132596350031,0
1626093022.29572,0.035958904979346,1.58815354785398E-05,4.23,2.34,0.270153433084488,0.034892901778221,6.52439022064209,-0.02880859375,0.13037109375,0.24026386071653,0.020214194643353,0.231680752137392,0.015707561335787,-0.402917405514596,-0.400429196587449,0.495,0,9.2167266490379,9.21704783163761,0.009996189779607,0.009996695594191,0,0.000143828482511,0.000182610675687,0
1626093022.35572,0.041348837343019,3.03267412733035E-05,4.1,2.39,2.07688685804897E-06,-1.93198775377823E-05,1.40243899822235,0.00439453125,0.11376953125,0.185683403829054,0.038475177862458,0.235577144703927,0.009599715501136,-0.401474181570009,-0.400274127163466,0,0.99,9.21774928403041,9.21807142931743,0.009321720606217,0.009322384418539,0,0.000130324640965,0.000177183822395,0
1626093022.41772,0.046328753365698,4.28136161153158E-05,4.07,2.39,0.00511586247012,0.608111083507538,-28.9024391174316,-0.05908203125,-0.01416015625,0.109059260219776,0.159708347599783,0.182692675666946,0.140842107383858,-0.365689028842388,-0.373897145229678,0,0,9.21951623727865,9.21984000055286,0.009365619231113,0.009366391734601,0,0.000121781228513,0.000186292422418,0
1626093022.47572,0.050892312515762,5.43468762206464E-05,4.06,2.28,3.8427328945545E-06,-3.57463504769839E-05,7.07317066192627,-0.0361328125,0.044921875,0.059537047775947,0.15648773623497,0.122240233735711,0.150854392770825,-0.253936001986196,-0.289527226461055,0,0,9.22101031741021,9.22133503295889,0.009566176658343,0.009566849608791,0,-0.000200856404384,1.13450470150084E-05,0
1626093022.52781,0.053313940446788,6.34630720491179E-05,4.06,2.33,3.8427328945545E-06,-3.57463504769839E-05,1.28048777580261,-0.00244140625,0.01708984375,0.029728433708967,0.101701893821517,0.082120658482081,0.130654872636416,-0.249768468358232,-0.248291099503502,0,0,9.2221147849289,9.22243990231482,0.010212858704419,0.010213394876436,0,-5.50880994127518E-05,-4.88753793177863E-05,0
1626093022.54181,0.056390469944922,7.16250414610915E-05,4.04,2.33,3.79587027055095E-06,-3.53104187524877E-05,1.40243899822235,-0.005859375,0.0009765625,0.016798044476336,0.014917902302583,0.03958186941046,0.031142332691301,-0.253745352636328,-0.240954841380525,0,0,9.22324924736295,9.22357453288431,0.010245965122687,0.01024629715588,0,-2.00938582979795E-05,-4.07251256793192E-05,0
1626093022.60181,0.059165306883524,8.01879343899814E-05,4.04,2.38,3.79587027055095E-06,-3.53104187524877E-05,1.21951222419739,-0.0078125,0.015625,0.010949879470658,0.005181567997283,0.022218268893728,0.009977529103994,-0.254336928430129,-0.243499385921695,0,0,9.22378470639592,9.22410999696718,0.009691728187438,0.009691955058767,0,-5.10127881730305E-06,-2.41577513468446E-05,0
1626093022.66181,0.06133693664331,8.76511318972241E-05,4.05,2.35,3.79587027055095E-06,-3.53104187524877E-05,1.40243899822235,-0.01416015625,0.01220703125,0.006058938253466,0.002216350620034,0.009848628039702,0.003153289282766,-0.254556324140515,-0.245794852168218,0,0,9.2244716793131,9.22479696475,0.009525812400578,0.009525961603162,0,8.33611409609886E-06,-7.51245948625071E-06,0
1626093022.72181,0.062519480200555,9.41973665355129E-05,4.04,2.39,0.010907323099673,-0.445757180452347,25.1219520568848,0.00341796875,-0.11279296875,0.003599181045711,-0.113387890976866,-0.000174105106376,-0.086329809266785,-0.272653520568181,-0.259983198280625,0,0,9.22539480621836,9.22572005895125,0.009228077011573,0.009228152363603,0,1.58490351092928E-05,1.03822892474482E-05,0
1626093022.78181,0.062358077670945,9.97681943069251E-05,4.03,2.42,0.000393037276808,0.034914456307888,-1.52439022064209,0.01513671875,0.01708984375,0.003246575387243,-0.089233962935572,-0.004970592726581,-0.104325908089207,-0.378128766396192,-0.314478266291319,0,0,9.22656955244668,9.22689478723251,0.010423586957796,0.010423628373197,0,-1.36108132222044E-05,4.56207144729565E-06,0
1626093022.84181,0.060649835940798,0.000107436414745,4.04,2.39,1.23485472158791E-06,1.14870199467987E-05,1.28048777580261,-0.01416015625,0.017578125,0.001289324746599,-0.003731827808573,-0.00653538152315,-0.010624808522711,-0.378006960018478,-0.365705853443,0.495,0,9.228155603521,9.22848082950473,0.01002416582904,0.010024176097379,0,7.25835734723491E-06,6.50104683610808E-06,0
1626093022.92381,0.056796340221098,0.000110588657871,4.05,2.36,0.213857501745224,-0.016300091519952,2.25609755516052,-0.1689453125,-0.177734375,0.085229961977937,0.014722911633153,0.027694987347825,0.004861040401029,-0.367159921160379,-0.368564802318456,0.495,0,9.22889927325455,9.22922450057093,0.009691745749467,0.009691753008197,0,3.12501282169763E-05,1.45122891831231E-05,0
1626093022.96181,0.052068641724736,0.000112953282468,4.02,2.38,0.538962781429291,0.016301343217492,4.87804889678955,0.12255859375,-0.27880859375,0.130463901027388,-0.005622780388409,0.079566973616666,-0.00034404909637,-0.368614060057837,-0.367332114425169,0.495,0,9.22967206049301,9.22999731198411,0.00932178524929,0.009321824800557,0,5.48342925426794E-05,5.39914305660145E-05,0
1626093023.02781,0.045869727201778,0.000114741046068,3.95,2.41,0.499693751335144,0.017429396510124,0.853658556938171,0.19677734375,0.19189453125,0.241778577984275,0.003179352912358,0.15730232955364,0.000519112760932,-0.374000308193779,-0.369835427726239,0.495,0,9.23060372323864,9.23092912150063,0.00921211303011,0.009212247358058,0,-0.000167080491591,-4.14716405883507E-05,0
1626093023.08181,0.038950371761896,0.00011594215513,3.84,2.43,0.509970247745514,-0.031615685671568,-1.95121955871582,0.24951171875,-0.65625,0.362087161245437,-0.001567543057703,0.245843495476352,0.000651696517369,-0.374058785359224,-0.371547803148373,0.495,0,9.23183772753107,9.23216373158626,0.010257982840834,0.01025835763181,0,-0.000157830281098,-0.000112454188486,0
1626093023.14181,0.028010732028233,0.000117263100634,3.52,2.45,0.509337067604065,0.001065204269253,-0.548780500888824,-0.15966796875,-0.0390625,0.442793827962936,0.001682629484959,0.420345926383441,0.002321925869757,-0.374601680018415,-0.374357384539726,0.495,0,9.236604656817,9.23693677865483,0.009979356397643,0.009981150265118,0,-0.000126481452615,-0.000160129026847,0
1626093023.20181,0.021414420260807,0.00011728783497,3.36,2.44,0.516292214393616,-3.85406492569018E-05,0.670731723308563,-0.1962890625,-0.06982421875,0.465583543303831,0.013777665917933,0.455755040542422,0.003412905122579,-0.37595482514996,-0.375171004977748,0.495,0,9.23881848282273,9.23915416039133,0.009378236103748,0.00938057766679,0,-0.00011841839025,-0.000146040879027,0
1626093023.26181,0.014515949410594,0.000116870881201,3.22,2.45,0.509650588035584,-0.003250473644584,4.87804889678955,0.02490234375,0.06005859375,0.479259184871554,0.010330042098208,0.492784637420447,0.010488017223006,-0.37453326950228,-0.374092960580072,0.495,0,9.24313571126793,9.24347891794927,0.009338551867324,0.009341746535556,0,-7.97801059471662E-05,-0.000120357925657,0
1626093023.32181,0.00758372966765,0.000116041150513,3.14,2.47,0.515613317489624,-0.015281973406673,0.121951222419739,-0.16943359375,0.44970703125,0.4875316051826,0.015526093323076,0.511946936918397,0.008234305554874,-0.375568734770092,-0.37485926005493,0.495,0,9.24702511527412,9.24737583100242,0.010404646271221,0.010408588164386,0,-7.56633594480682E-05,-0.000100477816932,0
1626093023.38181,0.000831232623852,0.000114828038845,3.01,2.48,0.516061186790466,-0.002187336795032,-1.52439022064209,-0.4326171875,0.25390625,0.492974428820953,0.001118158648198,0.52288990245887,0.004887853884195,-0.374269875395607,-0.374125364579272,0.495,0,9.25197580064476,9.25233571446575,0.010420240053535,0.010424769375269,0,-5.40215342890456E-05,-8.21358169250678E-05,0
1626093023.42381,-0.004612500718372,0.000113612712184,2.91,2.48,0.507603168487549,-0.017475059255958,-2.68292689323425,-0.2177734375,-0.017578125,0.495475389729538,-0.001051091028606,0.52562822664261,-0.001253979968249,-0.3765407894333,-0.376038934216054,0.495,0,9.25599098256557,9.25635840160514,0.010234900272831,0.010239666704103,0,-4.76376810989474E-05,-6.23575519132951E-05,0
1626093023.44181,-0.009440430074823,0.000112398587489,2.76,2.49,0.506106793880463,-0.033805221319199,1.15853655338287,-0.03173828125,-0.2109375,0.49707034549962,0.002655456912043,0.525332261552653,0.00313381673197,-0.374589293006131,-0.374867512400682,0.495,0,9.26003060220529,9.26040551867681,0.010028006166172,0.010032939168692,0,-1.42798899119577E-05,-4.07912847665919E-05,0
1626093023.52781,-0.014581568223869,0.000110729634619,2.67,2.5,0.51348340511322,0.001065204269253,2.07317066192627,-0.24169921875,-0.00634765625,0.497974342427561,0.005501276690226,0.523538580936946,0.002791858998787,-0.376180586460239,-0.37566115256552,0.495,0,9.26406918176231,9.2644515564529,0.009770026597901,0.009775038766454,0,-1.05167990182092E-05,-1.9866127251279E-05,0
1626093023.56181,-0.019179627763216,0.000107659569618,2.52,2.52,0.499551445245743,0.018515655770898,0.487804889678955,0.263671875,-0.00830078125,0.498470002058587,0.002402750413258,0.520504936412703,-0.00107939112287,-0.374757060509464,-0.375343649239137,0.495,0,9.26810011969311,9.26849009245417,0.009340987278397,0.009346038339466,0,1.30037355969514E-06,-1.20409577798003E-05,0
1626093023.62181,-0.023555532227117,0.00010230785114,2.32,2.53,0.495688647031784,0.016332110390067,0.121951222419739,-0.01904296875,0.3095703125,0.439443480054903,0.008916866240814,0.507552994564329,0.005160366034208,-0.375604568387481,-0.37512207937614,0.495,0,9.27221965889366,9.27261786448286,0.010405325691421,0.010410718422972,0,1.31745563014616E-05,2.93504482691434E-06,0
1626093023.68181,-0.027612565202678,9.49343975321309E-05,2.33,2.53,0.49969807267189,0.01746941357851,-1.40243899822235,0.1904296875,0.18359375,0.357046222973251,0.000478073873422,0.452164920560838,0.004092221369495,-0.374749762389635,-0.374952107195682,0.495,0,9.27570314511452,9.27610752665198,0.010221436877698,0.010226531229783,0,6.68785623103257E-06,6.15684108682649E-06,0
1626093023.74181,-0.033400470044351,8.00253026388199E-05,2.15,2.46,3.25795031130838E-06,-3.0306513508549E-05,1.28048777580261,-0.009765625,0.01708984375,0.219590891634678,0.004306966012835,0.322450869300333,0.004777179380532,-0.377011069027129,-0.375672375465052,0,0,9.28094791532843,9.28136127567374,0.009731728350856,0.009735431349848,0,2.36449050461248E-05,1.97474163940862E-05,0
1626093023.80181,-0.036099701650777,6.57714974026899E-05,2.09,2.42,3.21869788422191E-06,-2.99413750326494E-05,1.28048777580261,-0.00244140625,0.0087890625,0.127601851869311,0.000870259404523,0.209352001071009,0.001284976682558,-0.377706556036932,-0.376992509496022,0,0,9.28308115562102,9.28349745834979,0.009769766315002,0.009772525677044,0,3.62080225649957E-05,3.35919763486445E-05,0
1626093023.86181,-0.038565096335747,4.63724593956458E-05,2.04,2.42,3.25795031130838E-06,-3.0306513508549E-05,1.34146344661713,-0.0087890625,0.01953125,0.072300474920122,0.000801989553946,0.123908950069665,0.000818347843179,-0.377734193585089,-0.377354707049358,0,0,9.28420945761481,9.28462676383092,0.009340935729214,0.00934287073796,0,3.42506868825846E-05,3.88547008974139E-05,0
1626093023.92381,-0.040748949108558,2.33560543218835E-05,2.07,2.42,3.25795031130838E-06,-3.0306513508549E-05,1.21951222419739,-0.00439453125,0.01513671875,0.040466208353588,0.000697942540757,0.066076133147035,0.000466633059957,-0.377737515788805,-0.37745277978933,0,0,9.28521243977136,9.28563017434129,0.010409444884255,0.010410858306379,0,3.10296510323844E-05,3.99180534395585E-05,0
1626093023.98181,-0.042618421163552,-1.40864835772671E-06,2.07,2.41,3.25795031130838E-06,-3.0306513508549E-05,1.21951222419739,-0.00732421875,0.01025390625,0.020029014332741,0.000752262671106,0.015459127687325,0.000733612916596,-0.377737297791048,-0.377428072581825,0,0,9.28620010447197,9.28661782534229,0.01041982584688,0.01042062233797,0,2.66101800137399E-05,3.69096216772795E-05,0
1626093024.02781,-0.043964669893961,-2.11855814858807E-05,2.08,2.4,3.25795031130838E-06,-3.0306513508549E-05,1.34146344661713,0.00439453125,0.0068359375,0.011321968838262,0.000792571616323,-0.002555905543185,0.000679492414927,-0.377736602882692,-0.377409134642984,0,0,9.28671613894104,9.2871337847402,0.01006923785458,0.010069763413985,0,2.334743490673E-05,3.38291341249093E-05,0
1626093024.04181,-0.045122663035276,-4.01952726100618E-05,2.08,2.42,3.25795031130838E-06,-3.0306513508549E-05,1.28048777580261,-0.0078125,0.01220703125,0.006394665991277,0.000760841761323,-0.018819684154549,0.0007487826788,-0.377736952675048,-0.377336956699576,0,0,9.28767692814041,9.28809449591251,0.010039603959113,0.010039875762736,0,2.03089906455838E-05,2.87889101576718E-05,0
1626093024.10181,-0.04610128164061,-6.03002401145108E-05,2.1,2.42,3.25795031130838E-06,-3.0306513508549E-05,1.28048777580261,-0.00634765625,0.0166015625,0.003614571102024,0.000879295118747,-0.023564237232073,0.000723446496229,-0.377734612828732,-0.377317777710327,0,0,9.28842182081115,9.28883935197569,0.009773178117736,0.009773332370039,0,1.75091282305242E-05,2.45972908489002E-05,0
1626093024.16181,-0.046850730905525,-7.74704445719153E-05,2.05,2.41,3.25795031130838E-06,-3.0306513508549E-05,1.34146344661713,-0.00830078125,0.00927734375,0.002043218499405,0.000943036981463,-0.023891498108088,0.000863305617624,-0.377729091411891,-0.377262402214139,0,0,9.28917281393461,9.28959033370627,0.009341612276349,0.009341701525806,0,1.49974410207476E-05,2.06745615782148E-05,0
