seq,secs,nsecs,x,y,z,w,av_x,av_y,av_z,la_x,la_y,la_z,time
3400,1614178425,337765089,0.000458874739707,0.00175548810512,-0.135946750641,0.990714490414,2.195122003555298,1.3414634466171265,1.2195122241973877,0.00341796875,0.00341796875,-1.01513671875,1614178425.337765
3401,1614178425,421765089,0.000429887324572,0.00173722207546,-0.135948717594,0.990714251995,2.1341464519500732,1.4634146690368652,1.3414634466171265,0.001953125,-0.0009765625,-0.990234375,1614178425.421765
3402,1614178425,525765089,0.000394087284803,0.00176155287772,-0.135924398899,0.990717589855,2.1341464519500732,1.402438998222351,1.097561001777649,0.01513671875,0.01171875,-1.0048828125,1614178425.5257652
3403,1614178425,629765089,0.00035251211375,0.00181457027793,-0.135934233665,0.990716159344,2.0731706619262695,1.402438998222351,1.3414634466171265,-0.0107421875,0.00244140625,-0.99755859375,1614178425.629765
3404,1614178425,733765089,0.000394083559513,0.00176256801933,-0.135936185718,0.990715920925,2.195122003555298,1.402438998222351,1.2804877758026123,0.00244140625,0.00244140625,-1.03076171875,1614178425.7337651
3405,1614178425,837765089,0.000401578843594,0.00180207565427,-0.135924965143,0.990717411041,2.2560975551605225,1.402438998222351,1.2804877758026123,0.0,-0.00048828125,-0.99365234375,1614178425.837765
3406,1614178425,921765089,0.000411248765886,0.00179168395698,-0.135921567678,0.990717887878,2.012195110321045,1.3414634466171265,1.1585365533828735,-0.00390625,0.0068359375,-1.02099609375,1614178425.921765
3407,1614178426,25765089,0.000418753363192,0.00185130257159,-0.135939329863,0.990715324879,2.2560975551605225,1.4634146690368652,1.2195122241973877,0.00146484375,0.0048828125,-1.00341796875,1614178426.0257652
3408,1614178426,129765089,0.000403249636292,0.00185500271618,-0.135914936662,0.990718662739,2.1341464519500732,1.3414634466171265,1.2804877758026123,0.00146484375,0.01318359375,-1.00830078125,1614178426.129765
3409,1614178426,233765089,0.000385945662856,0.00188225880265,-0.135922163725,0.99071764946,2.2560975551605225,1.3414634466171265,1.1585365533828735,-0.00146484375,-0.0009765625,-0.982421875,1614178426.2337651
3410,1614178426,337765089,0.000451028347015,0.00180491805077,-0.135894984007,0.990721523762,2.012195110321045,1.3414634466171265,1.1585365533828735,-0.0068359375,0.0107421875,-0.9970703125,1614178426.337765
3411,1614178426,421765089,0.000428655184805,0.0017441092059,-0.135889023542,0.990722417831,2.317073106765747,1.402438998222351,1.1585365533828735,-0.0009765625,0.00537109375,-1.005859375,1614178426.421765
3412,1614178426,525765089,0.000348698347807,0.00166731979698,-0.135880425572,0.990723788738,2.0731706619262695,1.4634146690368652,1.2195122241973877,-0.00146484375,-0.0029296875,-1.00146484375,1614178426.5257652
3413,1614178426,629765089,0.00037725828588,0.00163360219449,-0.135911330581,0.990719556808,2.2560975551605225,1.402438998222351,1.2195122241973877,0.01171875,0.00341796875,-1.0166015625,1614178426.629765
3414,1614178426,729900075,0.000307372771204,0.00169969722629,-0.135945007205,0.990714907646,2.1341464519500732,1.402438998222351,1.3414634466171265,0.00146484375,0.00048828125,-1.0,1614178426.7299001
3415,1614178426,833900075,0.000311672687531,0.00167588703334,-0.135933786631,0.990716457367,2.1341464519500732,1.402438998222351,1.2804877758026123,0.005859375,0.00830078125,-1.0107421875,1614178426.8339
3416,1614178426,917900075,0.000286694616079,0.00169019494206,-0.135938420892,0.990715801716,2.195122003555298,1.402438998222351,1.3414634466171265,-0.00244140625,-0.00244140625,-0.978515625,1614178426.9179
3417,1614178427,21900075,0.000374723225832,0.00172300357372,-0.135953441262,0.990713655949,2.1341464519500732,1.4634146690368652,1.2804877758026123,-0.00048828125,0.00390625,-1.02099609375,1614178427.0219002
3418,1614178427,125900075,0.000307573005557,0.00174549035728,-0.135947614908,0.990714430809,2.195122003555298,1.402438998222351,1.3414634466171265,0.001953125,-0.001953125,-1.00439453125,1614178427.1259
3419,1614178427,229900075,0.000219506211579,0.00171132665128,-0.1359654814,0.990712046623,2.1341464519500732,1.5243902206420898,1.2804877758026123,0.001953125,0.0009765625,-1.00830078125,1614178427.2299001
3420,1614178427,313900075,0.000304604880512,0.00172700081021,-0.135975167155,0.990710675716,2.195122003555298,1.4634146690368652,1.2804877758026123,0.00634765625,0.0009765625,-0.9951171875,1614178427.3139
3421,1614178427,417900075,0.000316649675369,0.00177471805364,-0.135992869735,0.990708172321,1.9512195587158203,1.3414634466171265,1.2195122241973877,0.0087890625,0.01171875,-1.00634765625,1614178427.4179
3422,1614178427,521900075,0.000307003036141,0.00176974385977,-0.13599486649,0.990707933903,2.2560975551605225,1.3414634466171265,1.2804877758026123,-0.00537109375,0.00146484375,-0.99267578125,1614178427.5219002
3423,1614178427,625900075,0.000328475609422,0.00176278501749,-0.136004731059,0.990706562996,2.195122003555298,1.402438998222351,1.3414634466171265,0.00341796875,0.0068359375,-1.0048828125,1614178427.6259
3424,1614178427,729900075,0.000349321402609,0.00173386093229,-0.135990858078,0.990708529949,2.317073106765747,1.4634146690368652,1.2804877758026123,0.0078125,0.001953125,-1.0205078125,1614178427.7299001
3425,1614178427,813900075,0.000314769335091,0.0016280123964,-0.136003375053,0.990706980228,2.1341464519500732,1.3414634466171265,1.2195122241973877,0.00732421875,0.0048828125,-1.00830078125,1614178427.8139
3426,1614178427,917900075,0.000286282971501,0.00160702038556,-0.135976225138,0.990710735321,2.195122003555298,1.4634146690368652,1.1585365533828735,0.00439453125,0.001953125,-0.99853515625,1614178427.9179
3427,1614178428,21900075,0.000305961817503,0.0016520973295,-0.135988757014,0.990708947182,2.195122003555298,1.402438998222351,1.1585365533828735,0.00048828125,0.001953125,-0.990234375,1614178428.0219002
3428,1614178428,125900075,0.000348503701389,0.00170177128166,-0.136017024517,0.990704953671,2.1341464519500732,1.402438998222351,1.4634146690368652,0.001953125,0.009765625,-1.0234375,1614178428.1259
3429,1614178428,229900075,0.000365732237697,0.00170924514532,-0.136003062129,0.990706861019,2.195122003555298,1.402438998222351,1.2804877758026123,-0.00048828125,0.0048828125,-1.01123046875,1614178428.2299001
3430,1614178428,313900075,0.00037763081491,0.00171266403049,-0.136010348797,0.99070584774,2.0731706619262695,1.4634146690368652,1.2195122241973877,-0.0048828125,0.005859375,-1.00732421875,1614178428.3139
3431,1614178428,417900075,0.00035457033664,0.00174759700894,-0.136022910476,0.990704059601,2.0731706619262695,1.402438998222351,1.2804877758026123,-0.00048828125,0.0009765625,-1.0009765625,1614178428.4179
3432,1614178428,521900075,0.000287854112685,0.00170913431793,-0.136027649045,0.990703523159,2.1341464519500732,1.402438998222351,1.2195122241973877,0.00537109375,0.0107421875,-0.9990234375,1614178428.5219002
3433,1614178428,625900075,0.000279779545963,0.00172900501639,-0.136053413153,0.99069994688,2.1341464519500732,1.4634146690368652,1.3414634466171265,0.00244140625,-0.0068359375,-0.994140625,1614178428.6259
3434,1614178428,729900075,0.000300718471408,0.00169070158154,-0.136058017612,0.990699410439,2.1341464519500732,1.402438998222351,1.2195122241973877,0.00341796875,-0.0009765625,-1.009765625,1614178428.7299001
3435,1614178428,813900075,0.000254166312516,0.00161645561457,-0.136044129729,0.990701436996,2.195122003555298,1.4634146690368652,1.3414634466171265,0.00439453125,-0.00048828125,-0.990234375,1614178428.8139
3436,1614178428,917900075,0.000232168473303,0.00161201599985,-0.136054009199,0.99070006609,2.195122003555298,1.402438998222351,1.2804877758026123,0.00634765625,0.0078125,-1.01513671875,1614178428.9179
3437,1614178429,21900075,0.000193630345166,0.00160486157984,-0.136058717966,0.990699470043,2.195122003555298,1.402438998222351,1.2804877758026123,0.01171875,-0.0029296875,-1.0048828125,1614178429.0219002
3438,1614178429,125900075,0.000176682136953,0.00151721108705,-0.136071205139,0.990697860718,2.195122003555298,1.4634146690368652,1.2804877758026123,0.01416015625,0.00244140625,-0.9892578125,1614178429.1259
3439,1614178429,229635898,0.000158193521202,0.00156499352306,-0.136070504785,0.990697920322,2.0731706619262695,1.402438998222351,1.2195122241973877,-0.0029296875,-0.0068359375,-0.9951171875,1614178429.229636
3440,1614178429,313635898,0.000174563378096,0.00148303061724,-0.13609354198,0.990694880486,2.2560975551605225,1.4634146690368652,1.2195122241973877,0.00732421875,0.00927734375,-1.001953125,1614178429.3136358
3441,1614178429,417635898,0.000144539400935,0.00145938899368,-0.136087626219,0.990695714951,2.1341464519500732,1.402438998222351,1.2804877758026123,0.0068359375,0.005859375,-1.01513671875,1614178429.417636
3442,1614178429,521635898,0.000135446898639,0.0014951294288,-0.136071026325,0.990697920322,2.1341464519500732,1.4634146690368652,1.2195122241973877,0.0029296875,-0.0009765625,-0.97705078125,1614178429.521636
3443,1614178429,625635898,0.000191141851246,0.00151868630201,-0.136070281267,0.990697979927,2.0731706619262695,1.402438998222351,1.3414634466171265,0.0078125,0.0009765625,-1.0205078125,1614178429.6256359
3444,1614178429,729635898,0.000135825015604,0.00155107211322,-0.136088043451,0.990695536137,2.1341464519500732,1.402438998222351,1.2804877758026123,-0.00537109375,0.0029296875,-1.013671875,1614178429.729636
3445,1614178429,813635898,0.000150355510414,0.00156259164214,-0.136068761349,0.990698158741,2.1341464519500732,1.402438998222351,1.1585365533828735,0.00732421875,0.0107421875,-1.0126953125,1614178429.8136358
3448,1614178430,125635898,0.000125219114125,0.00161837786436,-0.13609573245,0.990694344044,2.1341464519500732,1.4634146690368652,1.2195122241973877,-0.00439453125,0.00048828125,-0.9931640625,1614178430.1256359
3449,1614178430,229635898,0.000115818344057,0.00157941598445,-0.136105686426,0.990693032742,2.2560975551605225,1.2804877758026123,1.3414634466171265,0.01171875,0.005859375,-1.00830078125,1614178430.229636
3451,1614178430,417635898,0.000108572654426,0.00157837755978,-0.136125385761,0.990690350533,2.1341464519500732,1.2804877758026123,1.2195122241973877,-0.00048828125,-0.0048828125,-1.0146484375,1614178430.417636
3454,1614178430,709635898,0.000142104923725,0.00167217198759,-0.136118099093,0.990691184998,2.195122003555298,1.3414634466171265,1.3414634466171265,0.001953125,0.00439453125,-0.9951171875,1614178430.709636
3456,1614178430,917635898,0.000120460055768,0.00164182018489,-0.136121958494,0.99069070816,2.1341464519500732,1.5243902206420898,1.2195122241973877,-0.00732421875,0.0126953125,-1.0087890625,1614178430.917636
3459,1614178431,209635898,0.000107414089143,0.00167989078909,-0.136156767607,0.990685880184,2.1341464519500732,1.4634146690368652,1.2804877758026123,0.00244140625,-0.0009765625,-1.00341796875,1614178431.209636
3460,1614178431,313635898,0.00014382135123,0.00163676217198,-0.136177167296,0.990683138371,2.1341464519500732,1.3414634466171265,1.3414634466171265,-0.00390625,0.01318359375,-1.02392578125,1614178431.3136358
3462,1614178431,521635898,0.000121479853988,0.00156184937805,-0.136204704642,0.990679502487,2.195122003555298,1.402438998222351,1.2804877758026123,0.0048828125,0.005859375,-0.99853515625,1614178431.521636
3471,1614178432,418036909,0.000103035010397,0.00171517860144,-0.136146575212,0.990687191486,2.2560975551605225,1.402438998222351,1.097561001777649,-0.0048828125,0.015625,-1.01513671875,1614178432.418037
3472,1614178432,522036909,0.00015321560204,0.00172843597829,-0.136125430465,0.990690112114,2.1341464519500732,1.402438998222351,1.2804877758026123,-0.00537109375,0.01025390625,-1.00341796875,1614178432.5220368
3473,1614178432,626036909,0.000193415209651,0.0017215507105,-0.13610689342,0.990692615509,2.1341464519500732,1.3414634466171265,1.2195122241973877,0.005859375,0.00830078125,-1.01708984375,1614178432.626037
3474,1614178432,710036909,0.000157580710948,0.00172966253012,-0.136112198234,0.990691900253,2.1341464519500732,1.5243902206420898,1.3414634466171265,0.0009765625,-0.00048828125,-0.99609375,1614178432.710037
3475,1614178432,814036909,0.000120490789413,0.00169576518238,-0.136120140553,0.990690886974,2.195122003555298,1.402438998222351,1.2195122241973877,0.0029296875,0.005859375,-1.02197265625,1614178432.8140368
3476,1614178432,918036909,0.000109852291644,0.00165781378746,-0.136138692498,0.990688383579,2.195122003555298,1.3414634466171265,1.2804877758026123,-0.00390625,-0.00390625,-0.97900390625,1614178432.918037
3479,1614178433,210036909,0.000108826905489,0.0017057377845,-0.136114910245,0.99069160223,2.1341464519500732,1.402438998222351,1.2195122241973877,-0.00146484375,0.00390625,-1.0087890625,1614178433.210037
3480,1614178433,314036909,0.000130684114993,0.00177699606866,-0.136136054993,0.990688562393,2.1341464519500732,1.4634146690368652,1.2804877758026123,-0.0087890625,0.0087890625,-1.00341796875,1614178433.3140368
3481,1614178433,418036909,0.000148633494973,0.00175707601011,-0.136117488146,0.990691125393,2.1341464519500732,1.402438998222351,1.2195122241973877,-0.00146484375,0.00146484375,-0.99462890625,1614178433.418037
3482,1614178433,522036909,0.000175580382347,0.00185267161578,-0.136114835739,0.990691304207,2.195122003555298,1.4634146690368652,1.3414634466171265,0.00341796875,0.00439453125,-1.00927734375,1614178433.5220368
3483,1614178433,606036909,-0.000820285640657,-0.00636966247112,-0.13596354425,0.990693032742,1.402438998222351,2.195122003555298,2.6219513416290283,-0.1025390625,-0.19189453125,-1.005859375,1614178433.606037
3484,1614178433,710036909,-0.000101651065052,-0.0159783512354,-0.136620223522,0.990494608879,-0.18292683362960815,-0.4878048896789551,1.585365891456604,0.24658203125,-0.53125,-0.95166015625,1614178433.710037
3485,1614178433,814036909,0.00034745130688,-0.0137373814359,-0.136206120253,0.990585207939,7.804878234863281,4.207317352294922,1.8292683362960815,0.31689453125,-0.248046875,-0.60302734375,1614178433.8140368
3486,1614178433,918036909,-0.00138073321432,-0.00640337634832,-0.137785866857,0.990440368652,-8.658536911010742,0.792682945728302,2.682926893234253,0.21044921875,0.123046875,-1.3046875,1614178433.918037
3487,1614178434,22036909,-0.00208046101034,-0.00486984010786,-0.138075008988,0.990407645702,-0.3048780560493469,1.8902438879013062,0.9756097793579102,-0.04296875,0.35400390625,-1.2412109375,1614178434.0220368
3488,1614178434,106036909,-0.000735365785658,0.000960757955909,-0.136850744486,0.990590929985,13.04878044128418,-6.341463565826416,0.4878048896789551,0.095703125,-0.24267578125,-0.94873046875,1614178434.106037
3489,1614178434,210036909,0.000852646306157,0.00203497614712,-0.137443363667,0.990507185459,9.146341323852539,2.682926893234253,1.5243902206420898,-0.0654296875,-0.056640625,-0.818359375,1614178434.210037
3490,1614178434,313885980,0.00626103859395,-0.000827476382256,-0.137244835496,0.990517020226,6.5853657722473145,0.7317073345184326,3.2926828861236572,0.00341796875,-0.0458984375,-0.984375,1614178434.313886
3491,1614178434,417885980,0.0102719506249,-0.00150664523244,-0.137308090925,0.990473985672,-6.829268455505371,0.9146341681480408,1.7073171138763428,0.54296875,-0.44775390625,-1.19140625,1614178434.417886
3492,1614178434,521885980,0.00466503109783,-0.00224303919822,-0.137724816799,0.990456998348,4.02439022064209,-0.3658536672592163,0.6707317233085632,0.0703125,-0.0029296875,-1.138671875,1614178434.5218859
3493,1614178434,605885980,0.0056058159098,0.0109263211489,-0.135828346014,0.990656256676,-16.158536911010742,-1.8902438879013062,-0.9146341681480408,0.029296875,0.13232421875,-0.9150390625,1614178434.605886
3494,1614178434,709885980,0.00717879459262,0.0151352481917,-0.135566473007,0.990626633167,7.560975551605225,1.8902438879013062,0.7317073345184326,-0.0244140625,0.19189453125,-0.95703125,1614178434.709886
3495,1614178434,813885980,0.00750306248665,0.0194125864655,-0.135582476854,0.990547418594,1.402438998222351,1.1585365533828735,1.4634146690368652,0.00146484375,0.14501953125,-1.01806640625,1614178434.813886
3496,1614178434,917885980,0.00678737834096,0.0162289794534,-0.135333836079,0.99064385891,-2.7439024448394775,1.402438998222351,1.2804877758026123,0.00537109375,0.0166015625,-0.98876953125,1614178434.917886
3497,1614178435,21885980,0.00629635062069,0.0150598138571,-0.135346710682,0.990663826466,1.0365853309631348,1.4634146690368652,1.2804877758026123,-0.0029296875,-0.0087890625,-0.9873046875,1614178435.0218859
3498,1614178435,105885980,0.00589067023247,0.0143205048516,-0.135423287749,0.990666806698,2.195122003555298,1.4634146690368652,1.3414634466171265,-0.00244140625,-0.0146484375,-1.0087890625,1614178435.105886
3499,1614178435,209885980,0.00481968838722,0.00476819742471,-0.134954795241,0.990828573704,0.9146341681480408,1.585365891456604,-0.3048780560493469,-0.0869140625,-0.15185546875,-1.14892578125,1614178435.209886
3500,1614178435,313885980,0.00344807561487,-0.00555908959359,-0.135043174028,0.990818142891,2.987804889678955,-0.4878048896789551,0.8536585569381714,0.49365234375,-0.37646484375,-0.8759765625,1614178435.313886
3501,1614178435,417885980,0.00273799337447,-0.00762623175979,-0.134227618575,0.990917384624,7.804878234863281,2.012195110321045,3.9634146690368652,0.5263671875,0.05419921875,-1.1416015625,1614178435.417886
3502,1614178435,521885980,0.00192735623568,-0.00196024030447,-0.135856881738,0.990724682808,-5.97560977935791,0.9756097793579102,1.8292683362960815,-0.41943359375,0.13525390625,-1.65185546875,1614178435.5218859
3503,1614178435,605885980,0.000687683932483,-0.00428437441587,-0.135963216424,0.990704357624,3.9024391174316406,-2.0731706619262695,3.2317073345184326,-0.37646484375,0.26904296875,-1.39306640625,1614178435.605886
3504,1614178435,709885980,-0.000873189419508,0.000781001523137,-0.13577619195,0.990738868713,8.719511985778809,-7.317073345184326,0.060975611209869385,0.259765625,-0.05224609375,-1.00830078125,1614178435.709886
3505,1614178435,813885980,0.00308417901397,0.00321737118065,-0.135504245758,0.990766763687,5.0,3.7804877758026123,0.6707317233085632,0.0244140625,-0.28173828125,-0.7333984375,1614178435.813886
3506,1614178435,917885980,0.000126536004245,-0.00173378735781,-0.135991036892,0.990708529949,4.695122241973877,4.695122241973877,1.2195122241973877,0.05322265625,-0.2998046875,-0.82666015625,1614178435.917886
3507,1614178436,21885980,-0.00792769063264,-0.00608844403177,-0.134970039129,0.990799248219,-4.817073345184326,1.0365853309631348,1.8902438879013062,-0.3466796875,0.4892578125,-1.0595703125,1614178436.0218859
3508,1614178436,105885980,-0.000878009945154,-0.00260444544256,-0.13555534184,0.990765988827,7.9268293380737305,-0.7317073345184326,0.4878048896789551,-0.15576171875,0.15185546875,-1.052734375,1614178436.105886
3510,1614178436,313885980,0.00172762107104,0.014989670366,-0.133046463132,0.990994930267,6.402439117431641,1.7682926654815674,0.7317073345184326,-0.06982421875,0.173828125,-0.9150390625,1614178436.313886
3511,1614178436,417885980,0.00225163530558,0.0159418992698,-0.132977411151,0.990988314152,15.731707572937012,1.3414634466171265,1.7073171138763428,0.0029296875,-0.015625,-1.0087890625,1614178436.417886
3512,1614178436,521885980,0.00068646017462,0.00399610213935,-0.132521539927,0.991171836853,0.792682945728302,0.3048780560493469,2.5,-0.01171875,0.08642578125,-1.0595703125,1614178436.5218859
3513,1614178436,605885980,0.00302983634174,0.00367989949882,-0.132743433118,0.991138994694,7.195122241973877,1.5243902206420898,1.1585365533828735,-0.01318359375,-0.1396484375,-1.126953125,1614178436.605886
3514,1614178436,709885980,0.000482453033328,-0.003104172647,-0.132287874818,0.991206347942,2.9268293380737305,-1.0365853309631348,3.7804877758026123,0.18798828125,-0.419921875,-1.17919921875,1614178436.709886
3515,1614178436,817257925,0.00236049760133,0.000342112965882,-0.133352339268,0.99106580019,-4.512195110321045,2.682926893234253,0.6707317233085632,-0.1171875,-0.0166015625,-0.94189453125,1614178436.817258
3516,1614178436,921257925,0.00174919236451,-0.000437096692622,-0.134145647287,0.990960001945,4.329268455505371,1.7682926654815674,0.6707317233085632,0.16748046875,0.57421875,-0.95263671875,1614178436.921258
3517,1614178437,5257925,-0.00116655509919,0.00272434204817,-0.132807090878,0.991137504578,9.512195587158203,-4.329268455505371,0.9756097793579102,0.17138671875,-0.0673828125,-0.88916015625,1614178437.0052578
3518,1614178437,109257925,-0.000467692501843,-0.000534699298441,-0.131992295384,0.991250514984,1.8292683362960815,2.2560975551605225,0.060975611209869385,-0.10400390625,0.1201171875,-0.80126953125,1614178437.109258
3520,1614178437,317257925,-0.00239722430706,-0.0027089715004,-0.131876721978,0.991259515285,-2.4390244483947754,1.7682926654815674,0.7317073345184326,-0.2197265625,0.03662109375,-0.9033203125,1614178437.317258
3521,1614178437,421257925,-0.000615493394434,-0.00449355319142,-0.131899237633,0.991252779961,9.695121765136719,-0.12195122241973877,-0.6097561120986938,-0.18603515625,0.43017578125,-1.1328125,1614178437.421258
3522,1614178437,505257925,0.000983803533018,0.00782225746661,-0.130688413978,0.99139213562,-9.268292427062988,-1.8902438879013062,-6.158536911010742,0.0048828125,0.55615234375,-1.06298828125,1614178437.5052578
3523,1614178437,609257925,0.00254405289888,0.00499423779547,-0.130410835147,0.991444170475,-0.18292683362960815,0.24390244483947754,-0.8536585569381714,-0.47216796875,-0.056640625,-0.97607421875,1614178437.609258
3524,1614178437,713257925,0.00744979362935,0.00998829025775,-0.130279228091,0.991399049759,4.878048896789551,1.0365853309631348,-3.1097562313079834,0.2294921875,-0.474609375,-0.69873046875,1614178437.713258
3525,1614178437,817257925,0.00778633821756,0.00709202792495,-0.131746649742,0.991227447987,2.0731706619262695,3.7195122241973877,0.9146341681480408,0.505859375,-0.54296875,-0.86474609375,1614178437.817258
3526,1614178437,921257925,0.00746015552431,0.00605769921094,-0.131706804037,0.991242110729,2.195122003555298,2.804877996444702,2.5,0.02099609375,0.1953125,-0.92578125,1614178437.921258
3527,1614178438,5257925,0.00291987601668,0.000238817185163,-0.131106838584,0.991363942623,-9.695121765136719,4.0853657722473145,-2.4390244483947754,0.4482421875,-0.427734375,-0.8603515625,1614178438.0052578
3528,1614178438,109257925,0.00178354140371,0.00285977777094,-0.130783736706,0.991405189037,11.646341323852539,-2.865853786468506,1.5243902206420898,-0.048828125,0.15625,-1.01123046875,1614178438.109258
3529,1614178438,213257925,0.00173605419695,0.00276464596391,-0.131531104445,0.99130666256,14.085366249084473,0.792682945728302,-0.5487805008888245,-0.40478515625,0.22412109375,-1.0341796875,1614178438.213258
3530,1614178438,317257925,0.00545235909522,-0.00195901002735,-0.131359547377,0.991317868233,1.5243902206420898,5.060975551605225,0.3048780560493469,-0.16064453125,0.3974609375,-1.4052734375,1614178438.317258
3531,1614178438,421257925,0.00259466934949,0.00173966772854,-0.131841391325,0.991265892982,-1.5243902206420898,6.463414669036865,1.402438998222351,0.23388671875,0.33740234375,-1.2060546875,1614178438.421258
3532,1614178438,505257925,0.000578085891902,0.000846870243549,-0.131473049521,0.99131923914,-6.5853657722473145,3.5365853309631348,-4.146341323852539,0.4814453125,0.13232421875,-0.75537109375,1614178438.5052578
3533,1614178438,609257925,0.00298588909209,0.00580736622214,-0.131020918489,0.991358101368,12.012195587158203,-4.329268455505371,-0.3658536672592163,0.0,-0.2177734375,-0.92138671875,1614178438.609258
3534,1614178438,713257925,0.00171923171729,0.00686453282833,-0.130703598261,0.991396248341,11.890244483947754,3.0487804412841797,-2.5,-0.3544921875,-0.384765625,-0.787109375,1614178438.713258
3535,1614178438,817257925,0.000226791016757,-0.000974954105914,-0.131171301007,0.991359233856,1.2195122241973877,-0.3658536672592163,2.2560975551605225,0.0322265625,0.439453125,-1.1337890625,1614178438.817258
3536,1614178438,921257925,0.00018534809351,0.00417536497116,-0.131164371967,0.99135184288,-4.939024448394775,5.121951103210449,-1.2195122241973877,0.20068359375,-0.2890625,-1.12890625,1614178438.921258
3537,1614178439,5257925,-0.000369252637029,0.00148397497833,-0.130662247539,0.99142575264,-1.7682926654815674,1.7073171138763428,-3.2317073345184326,-0.14697265625,0.07958984375,-1.41064453125,1614178439.0052578
3538,1614178439,109257925,-0.00101915001869,0.000104355625808,-0.130468830466,0.991451859474,12.865854263305664,-8.292682647705078,1.3414634466171265,-0.03466796875,0.09814453125,-0.89501953125,1614178439.109258
3539,1614178439,213257925,-0.000845525413752,0.00428367778659,-0.130356684327,0.991457521915,4.5731706619262695,0.060975611209869385,-0.792682945728302,-0.22021484375,0.013671875,-0.63525390625,1614178439.213258
3540,1614178439,319666896,0.00384250283241,-0.00129669252783,-0.129252165556,0.99160349369,4.939024448394775,3.9024391174316406,-0.7317073345184326,-0.24560546875,-0.18896484375,-1.013671875,1614178439.3196669
3541,1614178439,423666896,0.0100592682138,-0.00446351710707,-0.129588067532,0.991506814957,-6.5853657722473145,-2.7439024448394775,-0.18292683362960815,0.154296875,-0.5986328125,-1.119140625,1614178439.423667
3542,1614178439,507666896,0.0102717289701,-0.00710157584399,-0.130786195397,0.991331934929,2.195122003555298,-3.7195122241973877,0.7317073345184326,-0.2744140625,-0.1181640625,-1.20458984375,1614178439.5076668
3543,1614178439,611666896,0.00643908046186,-0.00154680386186,-0.129429131746,0.991566538811,9.512195587158203,0.3658536672592163,-3.7804877758026123,-0.35693359375,0.49072265625,-0.9541015625,1614178439.611667
3544,1614178439,715666896,0.0102523900568,0.00179887190461,-0.129678755999,0.991501450539,-3.5365853309631348,-0.6097561120986938,1.4634146690368652,-0.029296875,-0.04345703125,-0.69580078125,1614178439.715667
3545,1614178439,819666896,0.00722923036665,-0.00769340526313,-0.129434913397,0.991531729698,0.6097561120986938,-1.7073171138763428,3.5975611209869385,-0.2333984375,-0.21826171875,-0.9404296875,1614178439.8196669
3546,1614178439,903666896,0.00758065562695,-0.00902896933258,-0.129757806659,0.991475641727,-2.2560975551605225,2.7439024448394775,-2.804877996444702,-0.55419921875,-0.10791015625,-1.009765625,1614178439.903667
3547,1614178440,7666896,0.00781764555722,-0.00674794055521,-0.130956798792,0.99133425951,8.841464042663574,-2.012195110321045,0.5487805008888245,-0.39013671875,-0.12646484375,-1.078125,1614178440.0076668
3548,1614178440,111666896,0.0102094914764,-0.0031973104924,-0.129859849811,0.991474628448,3.2926828861236572,-5.182927131652832,-0.060975611209869385,0.15283203125,-0.09326171875,-0.96923828125,1614178440.111667
3549,1614178440,215666896,0.00938966870308,-0.00111067667603,-0.129990875721,0.991470098495,-9.512195587158203,2.2560975551605225,1.2804877758026123,-0.0009765625,-0.01318359375,-0.9013671875,1614178440.215667
3550,1614178440,319666896,0.00186926499009,-0.00776690244675,-0.129507303238,0.991546273232,2.682926893234253,4.817073345184326,0.9756097793579102,-0.22265625,-0.27197265625,-0.9140625,1614178440.3196669
3551,1614178440,403666896,0.00219724699855,-0.00898025650531,-0.13080175221,0.991365432739,0.6097561120986938,0.060975611209869385,2.1341464519500732,-0.158203125,-0.271484375,-0.9404296875,1614178440.403667
3552,1614178440,507666896,-0.00502664037049,-0.0159482806921,-0.130649611354,0.991287589073,11.585366249084473,0.9146341681480408,0.6707317233085632,0.0703125,0.16259765625,-1.1259765625,1614178440.5076668
3553,1614178440,611666896,-0.00392630882561,-0.00291079841554,-0.129010468721,0.99163120985,0.060975611209869385,-2.0731706619262695,0.4878048896789551,0.1689453125,0.291015625,-1.0791015625,1614178440.611667
3554,1614178440,715666896,-0.00159126985818,0.00284054782242,-0.128225907683,0.991739630699,8.109756469726562,-0.5487805008888245,1.0365853309631348,0.03759765625,0.07373046875,-1.01171875,1614178440.715667
3555,1614178440,819666896,-0.000809806399047,0.0069450493902,-0.127939671278,0.991757333279,6.707317352294922,1.2195122241973877,1.7073171138763428,0.009765625,0.025390625,-1.013671875,1614178440.8196669
3556,1614178440,903666896,-0.0012944675982,-0.00444728136063,-0.12768098712,0.991804480553,5.853658676147461,-0.6707317233085632,0.792682945728302,-0.01708984375,-0.22802734375,-1.06787109375,1614178440.903667
3557,1614178441,7666896,0.000418442301452,-0.0119470981881,-0.127805769444,0.991727173328,6.463414669036865,0.792682945728302,0.4268292784690857,0.19482421875,-0.21923828125,-1.05322265625,1614178441.0076668
3558,1614178441,111666896,-0.000810200348496,-0.0178888589144,-0.127029582858,0.991737246513,-0.12195122241973877,-3.5975611209869385,3.7195122241973877,0.80859375,0.08544921875,-0.77001953125,1614178441.111667
3559,1614178441,215666896,0.000567167066038,-0.00969366170466,-0.128996446729,0.991597533226,-1.7073171138763428,0.5487805008888245,3.9024391174316406,0.17333984375,-0.21142578125,-0.90625,1614178441.215667
3560,1614178441,319666896,0.000389186665416,-0.0109597444534,-0.129348173738,0.991538584232,13.536585807800293,-0.060975611209869385,1.4634146690368652,0.11962890625,-0.06201171875,-1.00341796875,1614178441.3196669
3561,1614178441,403666896,-0.00243442133069,-0.00585131626576,-0.129230603576,0.991594314575,-1.5243902206420898,-0.5487805008888245,0.24390244483947754,-0.2685546875,0.2197265625,-1.14306640625,1614178441.403667
3562,1614178441,507666896,0.00126663595438,-0.00583913549781,-0.128636822104,0.991673767567,-12.012195587158203,4.5731706619262695,-0.4268292784690857,-0.0517578125,-0.2578125,-1.29833984375,1614178441.5076668
3563,1614178441,611666896,0.000598096288741,-0.0147333992645,-0.128312513232,0.991624176502,2.2560975551605225,-5.365853786468506,1.1585365533828735,-0.28271484375,-0.23876953125,-1.0498046875,1614178441.611667
3564,1614178441,715666896,0.00106503721327,-0.0193698965013,-0.129047200084,0.991448700428,0.7317073345184326,-3.2317073345184326,4.634146213531494,-0.3232421875,-0.02197265625,-1.1513671875,1614178441.715667
3565,1614178441,813154006,0.00599225796759,-0.0148264588788,-0.129875078797,0.99140137434,12.987805366516113,7.804878234863281,0.4878048896789551,-0.07763671875,-0.1162109375,-0.8701171875,1614178441.813154
3566,1614178441,897154006,0.00598288699985,-0.00645926780999,-0.128970474005,0.991609334946,-8.04878044128418,6.158536911010742,-3.1097562313079834,0.041015625,0.24755859375,-0.91943359375,1614178441.897154
3567,1614178442,1154006,0.00894362106919,-0.0109182456508,-0.127200216055,0.991776645184,22.439023971557617,1.5243902206420898,-2.2560975551605225,-0.15625,0.1220703125,-1.15478515625,1614178442.001154
3568,1614178442,105154006,0.0105989836156,-0.00742977019399,-0.127790480852,0.991716742516,13.90243911743164,-1.1585365533828735,2.1341464519500732,-0.07666015625,-0.0546875,-0.9248046875,1614178442.105154
3569,1614178442,209154006,0.0152365630493,-0.00863250903785,-0.127928704023,0.99162876606,4.02439022064209,5.4268293380737305,2.2560975551605225,0.0556640625,-0.1005859375,-1.08642578125,1614178442.209154
3570,1614178442,313154006,0.0189296342432,-0.0044854786247,-0.128606066108,0.991504907608,0.792682945728302,7.865853786468506,0.4878048896789551,-0.07421875,0.73095703125,-1.0966796875,1614178442.313154
3571,1614178442,397154006,0.0175213273615,-0.00807756837457,-0.12847661972,0.991524815559,-8.841464042663574,5.792683124542236,-2.987804889678955,0.162109375,-0.54931640625,-1.025390625,1614178442.397154
3572,1614178442,501154006,0.018782492727,-0.00788797996938,-0.127447545528,0.991636097431,16.158536911010742,-1.7682926654815674,1.097561001777649,-0.1826171875,-0.06884765625,-0.80908203125,1614178442.501154
3573,1614178442,605154006,0.0186211224645,-0.00546342693269,-0.12670314312,0.991750836372,12.62195110321045,2.682926893234253,1.5243902206420898,-0.29052734375,0.43115234375,-1.05322265625,1614178442.605154
3574,1614178442,709154006,0.0172289796174,-0.00680174119771,-0.126913234591,0.991740882397,3.0487804412841797,3.7195122241973877,2.6219513416290283,0.54833984375,-0.1396484375,-0.85595703125,1614178442.709154
3575,1614178442,813154006,0.0160375535488,0.000338125042617,-0.126888990402,0.991787195206,-6.829268455505371,1.5243902206420898,2.6219513416290283,0.22607421875,0.072265625,-1.14892578125,1614178442.813154
3576,1614178442,897154006,0.0134634384885,-0.00376869086176,-0.127010077238,0.991802871227,-5.487804889678955,3.658536672592163,0.6097561120986938,-0.50537109375,-0.01416015625,-0.8173828125,1614178442.897154
3577,1614178443,1154006,0.0135201187804,0.00428507942706,-0.125689223409,0.991968274117,-6.890244007110596,-5.243902683258057,-0.3048780560493469,0.0048828125,0.5224609375,-0.87109375,1614178443.001154
3578,1614178443,105154006,0.0146061442792,0.00982590857893,-0.125199824572,0.991975367069,12.195121765136719,1.3414634466171265,0.12195122241973877,0.0009765625,0.2373046875,-1.11572265625,1614178443.105154
3579,1614178443,209154006,0.0143426731229,0.0153611339629,-0.1252245754,0.991905808449,2.2560975551605225,0.9756097793579102,1.3414634466171265,0.00146484375,0.1591796875,-1.0185546875,1614178443.209154
3580,1614178443,293154006,0.0135773085058,0.0160578563809,-0.125496432185,0.99187117815,-0.6707317233085632,1.4634146690368652,0.792682945728302,-0.00732421875,0.04052734375,-1.01220703125,1614178443.293154
3581,1614178443,397154006,0.0118283899501,0.00389976240695,-0.12501257658,0.992076992989,3.2317073345184326,1.097561001777649,1.5243902206420898,0.08056640625,-0.146484375,-1.00927734375,1614178443.397154
3582,1614178443,501154006,0.0124968504533,-0.00625888537616,-0.124735198915,0.992091596127,-4.207317352294922,-1.9512195587158203,1.402438998222351,-0.064453125,-0.09130859375,-0.89453125,1614178443.501154
3583,1614178443,605154006,0.0113521693274,-0.0139253269881,-0.125415310264,0.99194163084,1.7073171138763428,1.3414634466171265,2.987804889678955,0.10302734375,-0.8408203125,-0.8603515625,1614178443.605154
3584,1614178443,709154006,0.008410285227,-0.0102452058345,-0.126587718725,0.991866827011,-4.146341323852539,5.9146342277526855,6.036585330963135,0.2373046875,-0.0615234375,-1.0341796875,1614178443.709154
3585,1614178443,793154006,0.00679969321936,-0.0104845054448,-0.126601830125,0.991874873638,-7.743902683258057,4.756097793579102,3.4146342277526855,-0.009765625,-0.22412109375,-0.978515625,1614178443.793154
3586,1614178443,897154006,0.00533235725015,-0.012602487579,-0.125591084361,0.991987705231,13.414634704589844,-2.2560975551605225,1.097561001777649,0.015625,0.00439453125,-0.93798828125,1614178443.897154
3587,1614178444,1154006,0.00626944098622,-0.00744738336653,-0.125644773245,0.992027521133,11.707317352294922,1.7073171138763428,1.2195122241973877,-0.35888671875,0.22021484375,-0.85498046875,1614178444.001154
3588,1614178444,105154006,0.00561925210059,-0.0142773548141,-0.125361531973,0.991992473602,5.4268293380737305,4.5731706619262695,2.012195110321045,-0.126953125,-0.23046875,-1.1083984375,1614178444.105154
3589,1614178444,209154006,0.0045502409339,-0.0108513180166,-0.126014962792,0.991958558559,-3.170731782913208,4.207317352294922,2.5609755516052246,0.244140625,0.10888671875,-1.1787109375,1614178444.209154
3590,1614178444,293742891,0.00363352335989,-0.0145057998598,-0.125994980335,0.99191814661,-6.829268455505371,2.804877996444702,1.2804877758026123,-0.5009765625,0.56689453125,-1.43310546875,1614178444.293743
3592,1614178444,501742891,0.00676853954792,0.00428911298513,-0.123586252332,0.992301464081,5.243902683258057,0.18292683362960815,2.7439024448394775,-0.00244140625,0.1142578125,-1.0546875,1614178444.5017428
3593,1614178444,605742891,0.00698225293308,0.00957300048321,-0.123701304197,0.992248773575,0.9756097793579102,1.3414634466171265,2.378048896789551,0.00048828125,0.1181640625,-1.02197265625,1614178444.605743
3594,1614178444,709742891,0.00641642697155,0.0092018134892,-0.123627491295,0.992265284061,4.207317352294922,1.7073171138763428,1.7682926654815674,0.00244140625,-0.021484375,-1.001953125,1614178444.7097428
3595,1614178444,793742891,0.00588829535991,0.00743308104575,-0.123953431845,0.992242753506,-0.24390244483947754,1.2804877758026123,0.9146341681480408,0.00341796875,0.03515625,-0.99609375,1614178444.793743
3596,1614178444,897742891,0.00533514842391,0.00626880768687,-0.123975776136,0.992251098156,-0.6707317233085632,1.4634146690368652,1.7682926654815674,-0.0029296875,0.00341796875,-1.0087890625,1614178444.897743
3597,1614178445,1742891,0.00487218331546,0.00573514960706,-0.123959191144,0.992258787155,0.8536585569381714,1.585365891456604,1.2195122241973877,0.0068359375,-0.00048828125,-1.0,1614178445.0017428
3598,1614178445,105742891,0.00451382622123,0.00540342088789,-0.123972907662,0.992260634899,2.0731706619262695,1.2804877758026123,1.1585365533828735,0.00439453125,-0.01220703125,-0.9912109375,1614178445.105743
3599,1614178445,209742891,0.0042166467756,0.00509901810437,-0.123949319124,0.992266476154,2.5609755516052246,1.402438998222351,1.2195122241973877,0.0029296875,0.00341796875,-0.998046875,1614178445.2097428
3600,1614178445,293742891,0.00384985096753,0.00490030925721,-0.123947635293,0.992269217968,2.6219513416290283,1.402438998222351,1.2804877758026123,0.0,0.00146484375,-1.00244140625,1614178445.293743
3601,1614178445,397742891,0.00358000677079,0.00456950999796,-0.123950220644,0.992271482944,2.5,1.402438998222351,1.1585365533828735,0.0048828125,-0.0107421875,-0.9873046875,1614178445.397743
3602,1614178445,501742891,0.00325310695916,0.00435625948012,-0.123932495713,0.992275774479,2.4390244483947754,1.3414634466171265,1.2804877758026123,-0.00146484375,0.0087890625,-1.01123046875,1614178445.5017428
3603,1614178445,605742891,0.00302216410637,0.0041180094704,-0.123946003616,0.992275834084,2.2560975551605225,1.4634146690368652,1.2195122241973877,-0.00146484375,0.00244140625,-0.9931640625,1614178445.605743
3604,1614178445,709742891,0.00252531189471,0.0026486068964,-0.123653925955,0.992318630219,6.280488014221191,1.2804877758026123,0.9146341681480408,0.00537109375,-0.1005859375,-1.01953125,1614178445.7097428
3605,1614178445,793742891,0.00103752408177,-0.00621352996677,-0.123249799013,0.992355704308,4.329268455505371,1.3414634466171265,2.5609755516052246,0.0322265625,-0.38232421875,-0.97607421875,1614178445.793743
3606,1614178445,897742891,0.00221660174429,-0.0146700870246,-0.122798673809,0.992320716381,-1.402438998222351,-0.792682945728302,-0.6097561120986938,0.04638671875,-0.0107421875,-1.13671875,1614178445.897743
3607,1614178446,1742891,0.000454519875348,-0.0176630802453,-0.123464733362,0.992191672325,1.4634146690368652,-0.3048780560493469,3.841463565826416,-0.49365234375,-0.13134765625,-1.0888671875,1614178446.0017428
3608,1614178446,105742891,0.000808672048151,-0.0162515509874,-0.124291434884,0.992112338543,-0.9146341681480408,6.219512462615967,2.865853786468506,0.1181640625,-0.58984375,-0.9130859375,1614178446.105743
3609,1614178446,189742891,0.00156563334167,-0.0144094154239,-0.123590968549,0.992227375507,-7.5,2.987804889678955,-1.8292683362960815,-0.12109375,-0.06982421875,-0.9873046875,1614178446.1897428
3610,1614178446,293742891,0.00460390560329,-0.0115597480908,-0.122404441237,0.99240231514,12.865854263305664,-4.2682929039001465,0.24390244483947754,-0.27197265625,0.03515625,-0.99365234375,1614178446.293743
3611,1614178446,397742891,0.00401088036597,-0.00887001212686,-0.122125729918,0.992466926575,15.304878234863281,6.341463565826416,-1.5243902206420898,-0.13623046875,-0.13525390625,-0.75390625,1614178446.397743
3612,1614178446,501742891,0.00478438381106,-0.01024282258,-0.122036285698,0.992461264133,4.02439022064209,4.695122241973877,0.9756097793579102,0.19921875,0.52099609375,-1.1513671875,1614178446.5017428
3613,1614178446,605742891,0.00226422678679,-0.00598561763763,-0.122568912804,0.992439389229,-3.2317073345184326,3.658536672592163,2.5609755516052246,0.01318359375,-0.2216796875,-1.1337890625,1614178446.605743
3614,1614178446,689742891,0.000323279760778,-0.0134335467592,-0.12215808779,0.992419660091,-10.182927131652832,5.609755992889404,2.804877996444702,0.416015625,-0.2998046875,-0.7021484375,1614178446.6897428
3615,1614178446,793811069,-0.000528765842319,0.00201438181102,-0.120050035417,0.992765665054,-1.7682926654815674,-6.036585330963135,-0.18292683362960815,0.0556640625,-0.00244140625,-0.92919921875,1614178446.793811
3616,1614178446,897811069,-0.000300615094602,0.00424202065915,-0.119361422956,0.992841780186,4.0853657722473145,-0.8536585569381714,2.1341464519500732,-0.00634765625,0.18994140625,-1.07275390625,1614178446.8978112
3617,1614178447,1811069,0.000945378094912,0.00958028249443,-0.119278252125,0.992814183235,5.121951103210449,1.2804877758026123,1.2804877758026123,-0.00048828125,0.0595703125,-0.9892578125,1614178447.001811
3618,1614178447,105811069,0.000659270212054,0.0072988467291,-0.119331747293,0.992827415466,-0.792682945728302,1.8292683362960815,2.5,0.0107421875,0.02392578125,-0.99853515625,1614178447.105811
3619,1614178447,189811069,0.00130840670317,0.0145757477731,-0.118318922818,0.992867827415,-1.0365853309631348,2.5609755516052246,0.060975611209869385,0.01318359375,0.154296875,-0.927734375,1614178447.189811
3620,1614178447,293811069,0.00264211278409,0.0236178673804,-0.117436848581,0.992795944214,1.7682926654815674,3.5975611209869385,1.402438998222351,0.0751953125,0.29541015625,-1.12255859375,1614178447.293811
3621,1614178447,397811069,0.00565129518509,0.027182854712,-0.117081135511,0.992734193802,7.256097793579102,-2.804877996444702,1.8902438879013062,-0.05029296875,-0.24267578125,-1.162109375,1614178447.3978112
3622,1614178447,501811069,0.00763439759612,0.0219215098768,-0.11783427,0.992761909962,-10.54878044128418,-7.012195110321045,5.243902683258057,-0.06298828125,0.22998046875,-0.9072265625,1614178447.501811
3623,1614178447,605811069,0.00940038170666,0.0189316757023,-0.117696732283,0.992824614048,-4.5731706619262695,-0.6707317233085632,-0.060975611209869385,-0.31103515625,-0.21240234375,-0.9287109375,1614178447.605811
3624,1614178447,689811069,0.00526083167642,0.0181487426162,-0.116940647364,0.992959141731,2.378048896789551,6.341463565826416,-0.3658536672592163,-0.17919921875,-0.21435546875,-1.00390625,1614178447.689811
3625,1614178447,793811069,0.00532460026443,0.0133038014174,-0.117527291179,0.992966234684,-2.682926893234253,0.060975611209869385,0.6097561120986938,0.16259765625,-0.25390625,-0.60791015625,1614178447.793811
3626,1614178447,897811069,0.00143365375698,0.0141817219555,-0.115978129208,0.993149459362,8.231707572937012,-1.3414634466171265,1.1585365533828735,0.2314453125,0.01708984375,-0.787109375,1614178447.8978112
3627,1614178448,1811069,0.000821125693619,0.0103547004983,-0.116125479341,0.993180215359,-11.341464042663574,-1.9512195587158203,1.585365891456604,0.052734375,0.14501953125,-0.88427734375,1614178448.001811
3628,1614178448,105811069,-0.000385113060474,0.00800846330822,-0.115916363895,0.993226587772,-0.6097561120986938,-5.182927131652832,3.7195122241973877,0.521484375,-0.1787109375,-0.94140625,1614178448.105811
3629,1614178448,189811069,-0.00168609153479,0.0101815545931,-0.116176486015,0.99317497015,3.4146342277526855,3.9024391174316406,0.060975611209869385,-0.1015625,0.18603515625,-1.14892578125,1614178448.189811
3630,1614178448,293811069,-0.00174413900822,0.00234388746321,-0.115097135305,0.993349969387,2.7439024448394775,2.4390244483947754,2.2560975551605225,-0.455078125,-0.392578125,-0.8974609375,1614178448.293811
3631,1614178448,397811069,-0.00505960360169,0.00386732071638,-0.114493921399,0.993403553963,6.219512462615967,-0.792682945728302,0.5487805008888245,-0.34912109375,0.16357421875,-1.109375,1614178448.3978112
3632,1614178448,501811069,-0.000654814764857,0.00151116400957,-0.113849341869,0.993496656418,-11.585366249084473,-2.378048896789551,0.8536585569381714,-0.125,0.044921875,-1.03125,1614178448.501811
3633,1614178448,605811069,0.00453258585185,0.00172600802034,-0.113692171872,0.993504166603,9.146341323852539,-0.5487805008888245,0.9756097793579102,-0.3193359375,-0.0009765625,-1.02001953125,1614178448.605811
3634,1614178448,689811069,0.0111245056614,0.0063409358263,-0.113188058138,0.993491053581,1.6463414430618286,3.9634146690368652,-0.6097561120986938,-0.11572265625,0.326171875,-1.0048828125,1614178448.689811
3635,1614178448,793811069,0.00436696130782,0.000763443298638,-0.112912759185,0.993595004082,6.52439022064209,6.341463565826416,-0.7317073345184326,-0.10791015625,-0.296875,-1.2744140625,1614178448.793811
3636,1614178448,897811069,0.00239660684019,-0.000802052207291,-0.112922251225,0.993600606918,4.45121955871582,-0.3048780560493469,3.353658676147461,0.04638671875,-0.0341796875,-1.0166015625,1614178448.8978112
3637,1614178449,1811069,0.00482643209398,-0.00482904817909,-0.112763471901,0.993598401546,-7.317073345184326,0.4268292784690857,1.2195122241973877,0.0087890625,-0.0537109375,-0.85986328125,1614178449.001811
3638,1614178449,105811069,0.00523917749524,-0.0101356497034,-0.113218955696,0.993504524231,19.45121955871582,2.195122003555298,7.621951580047607,-0.1728515625,-0.1669921875,-0.9658203125,1614178449.105811
3639,1614178449,189811069,0.00519944541156,-0.00143299531192,-0.112948089838,0.993586242199,-9.390244483947754,2.865853786468506,4.02439022064209,0.03466796875,-0.15283203125,-1.03515625,1614178449.189811
3640,1614178449,293453908,-0.000286233611405,-0.00354017037898,-0.114106103778,0.993462204933,9.512195587158203,2.4390244483947754,3.0487804412841797,-0.2841796875,-0.365234375,-1.00390625,1614178449.293454
3641,1614178449,397453908,-0.00372998509556,-0.00629035942256,-0.112400956452,0.993636012077,-8.658536911010742,1.6463414430618286,2.317073106765747,-0.123046875,0.18505859375,-1.04443359375,1614178449.397454
3642,1614178449,501453908,-0.00339662004262,-0.00999409332871,-0.113210253417,0.993514955044,12.987805366516113,-3.353658676147461,3.658536672592163,-0.205078125,0.4697265625,-1.474609375,1614178449.5014539
3643,1614178449,585453908,-0.00135332811624,-0.00991724710912,-0.111954644322,0.993662893772,10.609756469726562,1.8292683362960815,-0.4268292784690857,0.166015625,0.357421875,-1.26708984375,1614178449.585454
3644,1614178449,689453908,0.00184534862638,-0.00927266385406,-0.111717402935,0.993695020676,-5.487804889678955,2.987804889678955,-0.6097561120986938,-0.23046875,-0.08251953125,-1.02294921875,1614178449.6894538
3645,1614178449,793453908,0.00152062531561,-0.00780095905066,-0.112497672439,0.993620216846,2.378048896789551,-2.804877996444702,4.878048896789551,-0.33935546875,-0.24267578125,-0.89208984375,1614178449.793454
3646,1614178449,897453908,0.00169647764415,-0.00878580473363,-0.112147606909,0.993651270866,-10.54878044128418,3.1097562313079834,4.695122241973877,-0.083984375,-0.08056640625,-1.0380859375,1614178449.897454
3647,1614178450,1453908,0.00300708506256,-0.00913829077035,-0.112662680447,0.993586719036,16.64634132385254,-2.682926893234253,1.9512195587158203,-0.322265625,0.119140625,-0.90380859375,1614178450.0014539
3648,1614178450,85453908,0.00369830243289,-0.00862005073577,-0.111954696476,0.993669033051,2.195122003555298,-2.5609755516052246,1.7682926654815674,0.07421875,0.23291015625,-1.271484375,1614178450.085454
3649,1614178450,189453908,0.00251824688166,-0.0120798759162,-0.111754857004,0.993659198284,-7.743902683258057,3.7804877758026123,-1.585365891456604,-0.37109375,0.2099609375,-1.15625,1614178450.1894538
3650,1614178450,293453908,-0.0100406361744,-0.0145838335156,-0.111155048013,0.993645310402,4.512195110321045,2.987804889678955,2.378048896789551,0.2373046875,0.08447265625,-0.8310546875,1614178450.293454
3651,1614178450,397453908,-0.00920427404344,-0.0150120584294,-0.111253358424,0.993636071682,-8.841464042663574,3.4146342277526855,3.47560977935791,-0.2099609375,-0.28271484375,-0.955078125,1614178450.397454
3652,1614178450,501453908,-0.00747156329453,-0.0166316535324,-0.111852250993,0.993557572365,13.292683601379395,-4.878048896789551,1.9512195587158203,-0.32421875,0.10693359375,-1.0224609375,1614178450.5014539
3653,1614178450,585453908,-0.00397602375597,-0.0141847683117,-0.111387215555,0.993667900562,-2.9268293380737305,-1.8902438879013062,0.3048780560493469,-0.31396484375,-0.18896484375,-1.18994140625,1614178450.585454
3654,1614178450,689453908,-0.00579422339797,-0.0185798667371,-0.109944924712,0.993747115135,-6.402439117431641,-2.804877996444702,-0.12195122241973877,-0.0634765625,0.03564453125,-1.31640625,1614178450.6894538
3655,1614178450,793453908,-0.0069856736809,-0.0159680582583,-0.109253682196,0.993861079216,2.2560975551605225,1.0365853309631348,3.2926828861236572,0.44482421875,-0.2724609375,-0.84130859375,1614178450.793454
3656,1614178450,897453908,-0.00628082454205,-0.0190645065159,-0.109296821058,0.993806481361,-9.207317352294922,0.6097561120986938,3.353658676147461,-0.03369140625,-0.39013671875,-0.7392578125,1614178450.897454
3657,1614178451,1453908,-0.00644347537309,-0.017132461071,-0.109638094902,0.993803024292,8.90243911743164,-4.146341323852539,5.182927131652832,0.07763671875,-0.072265625,-0.88330078125,1614178451.0014539
3659,1614178451,189453908,-0.000986641272902,-0.0222398005426,-0.110772192478,0.993596494198,-15.0,-1.8902438879013062,7.804878234863281,-0.00927734375,-0.07470703125,-0.90283203125,1614178451.1894538
3660,1614178451,293453908,-0.00236159749329,-0.0148966154084,-0.109375327826,0.993886113167,3.353658676147461,-1.585365891456604,2.5,-0.6259765625,0.26123046875,-0.99658203125,1614178451.293454
3661,1614178451,397453908,0.00295117776841,-0.0181758403778,-0.109267875552,0.993841767311,4.02439022064209,6.036585330963135,-0.9756097793579102,-0.5009765625,0.15234375,-0.7421875,1614178451.397454
3662,1614178451,501453908,0.00240417569876,-0.0135068008676,-0.109112359583,0.993934750557,7.378048896789551,-0.18292683362960815,0.8536585569381714,-0.1962890625,-0.00634765625,-0.95263671875,1614178451.5014539
3663,1614178451,585453908,0.00532205589116,-0.0150853078812,-0.108958095312,0.993917644024,-12.317073822021484,-2.2560975551605225,1.7682926654815674,-0.4501953125,0.44873046875,-0.921875,1614178451.585454
3664,1614178451,689453908,0.00964689906687,-0.0107407867908,-0.108672261238,0.99397277832,5.365853786468506,-0.4268292784690857,2.378048896789551,-0.083984375,-0.123046875,-0.93701171875,1614178451.6894538
3665,1614178451,794301954,0.00936699472368,-0.00790478941053,-0.108513519168,0.994019389153,4.878048896789551,3.658536672592163,3.47560977935791,0.3642578125,-0.2412109375,-1.22509765625,1614178451.794302
3666,1614178451,898301954,0.00600721221417,-0.00832519400865,-0.123724125326,0.992263555527,0.8536585569381714,11.09756088256836,25.975610733032227,-0.1474609375,-0.39306640625,-1.169921875,1614178451.8983018
3667,1614178452,2301954,0.00391261093318,0.0139917377383,-0.154088690877,0.987950205803,2.804877996444702,1.8292683362960815,40.67073440551758,0.0517578125,0.076171875,-0.88427734375,1614178452.002302
3668,1614178452,86301954,0.00642756838351,0.00759721826762,-0.195133030415,0.98072630167,-4.02439022064209,-12.62195110321045,60.3658561706543,-0.2451171875,0.08251953125,-1.15234375,1614178452.086302
3669,1614178452,190301954,0.008245754987,0.00443832669407,-0.237446770072,0.971355438232,-1.097561001777649,-4.817073345184326,50.54878234863281,0.40625,-0.63525390625,-1.1005859375,1614178452.190302
3670,1614178452,294301954,0.00352568924427,-0.00432256516069,-0.276149392128,0.96109855175,7.5,-7.0731706619262695,46.95122146606445,0.3564453125,0.287109375,-0.9892578125,1614178452.294302
3671,1614178452,398301954,-0.00109551660717,-0.00159391388297,-0.315661996603,0.9488697052,-4.939024448394775,5.97560977935791,54.14634323120117,-0.2294921875,-0.56103515625,-1.60498046875,1614178452.3983018
3672,1614178452,482301954,-0.00766911450773,-0.00658960081637,-0.356793433428,0.934128582478,2.0731706619262695,7.012195110321045,58.10975646972656,0.5107421875,0.115234375,-0.974609375,1614178452.482302
3673,1614178452,586301954,0.000358542427421,-0.00931628141552,-0.401801198721,0.915679454803,2.865853786468506,2.195122003555298,53.414634704589844,-0.4423828125,-0.28564453125,-1.1904296875,1614178452.586302
3674,1614178452,690301954,0.00356796011329,-0.0135552817956,-0.435271024704,0.900190353394,7.439024448394775,6.219512462615967,20.0,-0.10546875,0.04833984375,-0.78125,1614178452.690302
3675,1614178452,794301954,-0.00411697011441,-0.0166743546724,-0.438598692417,0.898518919945,-5.487804889678955,2.5,5.54878044128418,-0.3359375,0.40966796875,-0.91796875,1614178452.794302
3676,1614178452,898301954,-0.00384065136313,-0.0155354328454,-0.442788153887,0.896483421326,12.92682933807373,-0.3658536672592163,5.792683124542236,0.123046875,0.25830078125,-1.1025390625,1614178452.8983018
3677,1614178452,982301954,0.00173915643245,-0.0108961220831,-0.44614315033,0.894893586636,-4.817073345184326,-6.219512462615967,5.9146342277526855,0.05859375,-0.41357421875,-1.41455078125,1614178452.982302
3678,1614178453,86301954,-0.00660658348352,-0.0163089502603,-0.44840914011,0.893655180931,-3.9634146690368652,-6.280488014221191,7.560975551605225,-0.0244140625,0.16064453125,-0.85302734375,1614178453.086302
3679,1614178453,190301954,-0.000935037620366,-0.0117840245366,-0.450825572014,0.892533779144,2.317073106765747,-3.1097562313079834,14.512195587158203,0.07373046875,-0.08935546875,-1.064453125,1614178453.190302
3680,1614178453,294301954,-0.00189455319196,-0.00647297780961,-0.469816476107,0.882738351822,-3.2317073345184326,8.59756088256836,37.5,0.39306640625,0.109375,-0.9873046875,1614178453.294302
3681,1614178453,398301954,-0.0113932183012,-0.00363442767411,-0.502188563347,0.864675462246,12.012195587158203,4.329268455505371,47.256099700927734,-0.31640625,0.013671875,-1.31494140625,1614178453.3983018
3682,1614178453,482301954,-0.00953417178243,-0.00581411831081,-0.538547575474,0.842521131039,6.402439117431641,0.9756097793579102,52.07317352294922,0.04443359375,-0.35546875,-0.96826171875,1614178453.482302
3683,1614178453,586301954,-0.00902715977281,-0.0110660763457,-0.575525224209,0.817659318447,0.5487805008888245,-4.45121955871582,52.256099700927734,0.57080078125,-0.02783203125,-0.58984375,1614178453.586302
3684,1614178453,690301954,-0.0133467772976,-0.0111604053527,-0.608189582825,0.793601095676,1.0365853309631348,9.512195587158203,45.060977935791016,-0.103515625,-0.359375,-0.91455078125,1614178453.690302
3685,1614178453,794301954,-0.00776393525302,-0.00884469412267,-0.640842497349,0.767582178116,7.0731706619262695,-3.9024391174316406,49.63414764404297,0.4208984375,0.06494140625,-0.99169921875,1614178453.794302
3686,1614178453,898301954,-0.0063415588811,-0.0114340009168,-0.674731731415,0.737947285175,1.8292683362960815,-10.12195110321045,61.463417053222656,0.27978515625,0.02587890625,-1.16064453125,1614178453.8983018
3687,1614178453,982301954,-0.00880838371813,-0.0125729208812,-0.706164300442,0.707881569862,5.243902683258057,13.47560977935791,39.57317352294922,0.13330078125,-0.37646484375,-1.26123046875,1614178453.982302
3688,1614178454,86301954,-0.0105166677386,-0.0169187616557,-0.732833445072,0.680116355419,10.182927131652832,10.304878234863281,43.414634704589844,0.64794921875,0.046875,-1.08251953125,1614178454.086302
3689,1614178454,190301954,-0.0126722371206,-0.0113929370418,-0.756758570671,0.653472304344,2.1341464519500732,8.780488014221191,23.90243911743164,0.333984375,-0.2509765625,-0.71337890625,1614178454.190302
3690,1614178454,294301954,-0.0150583935902,-0.0141140557826,-0.763463556767,0.645521104336,-4.817073345184326,4.390244007110596,11.463415145874023,0.1630859375,-0.2705078125,-0.970703125,1614178454.294302
3691,1614178454,404241905,-0.00721758697182,-0.0149671155959,-0.767215251923,0.641174435616,-2.987804889678955,3.7195122241973877,6.097560882568359,0.21728515625,-0.49951171875,-1.1982421875,1614178454.4042418
3692,1614178454,488241905,-0.00173633825034,-0.0165059734136,-0.768608570099,0.63950407505,3.841463565826416,2.378048896789551,2.0731706619262695,0.2314453125,0.05859375,-1.1181640625,1614178454.488242
3693,1614178454,592241905,-0.000936019234359,-0.0171400476247,-0.767838001251,0.640414059162,14.45121955871582,18.841463088989258,-4.2682929039001465,-0.16943359375,0.1357421875,-1.037109375,1614178454.592242
3694,1614178454,696241905,-0.00182846002281,-0.0128761930391,-0.768565535545,0.639638900757,0.4268292784690857,7.621951580047607,0.8536585569381714,-0.3828125,0.02490234375,-0.78271484375,1614178454.6962419
3695,1614178454,800241905,-0.00673852860928,-0.0112360650674,-0.770559310913,0.637233674526,-4.634146213531494,6.646341800689697,3.9024391174316406,-0.13427734375,-0.3056640625,-1.0458984375,1614178454.800242
3696,1614178454,904241905,-0.000991417095065,-0.0129485167563,-0.772464811802,0.634924769402,2.317073106765747,7.560975551605225,-1.3414634466171265,-0.11328125,0.47998046875,-1.14111328125,1614178454.9042418
3697,1614178454,988241905,-0.0064168702811,-0.0178025588393,-0.772348940372,0.634916543961,5.9146342277526855,2.6219513416290283,-3.1097562313079834,0.2490234375,-0.20068359375,-1.265625,1614178454.988242
3698,1614178455,92241905,-0.0103219086304,-0.0161102078855,-0.770626008511,0.637000322342,-0.9146341681480408,11.585366249084473,-3.658536672592163,-0.4599609375,0.62646484375,-1.20166015625,1614178455.092242
3699,1614178455,196241905,-0.0112434858456,-0.0103038130328,-0.770057976246,0.637791574001,-1.585365891456604,7.682927131652832,-3.2317073345184326,0.16162109375,-0.2353515625,-0.85205078125,1614178455.1962419
3700,1614178455,300241905,-0.00627151317894,-0.00674027763307,-0.770583987236,0.637272000313,-1.6463414430618286,4.756097793579102,2.865853786468506,0.2880859375,-0.072265625,-0.7314453125,1614178455.300242
3701,1614178455,404241905,-0.00686496775597,-0.00673839263618,-0.771118402481,0.636619150639,-2.804877996444702,5.853658676147461,-1.402438998222351,-0.62353515625,0.0556640625,-1.1513671875,1614178455.4042418
3702,1614178455,488241905,-0.00414674077183,-0.0099422968924,-0.770783543587,0.637006044388,7.012195110321045,-0.060975611209869385,-0.4268292784690857,0.15185546875,0.10205078125,-1.08642578125,1614178455.488242
3703,1614178455,592241905,-0.00433352403343,-0.00828251242638,-0.769957482815,0.638026714325,2.9268293380737305,7.987804889678955,-4.0853657722473145,-0.1484375,0.150390625,-0.95068359375,1614178455.592242
3704,1614178455,696241905,-0.000221739523113,-0.0063859699294,-0.769633173943,0.638454318047,-6.402439117431641,-1.5243902206420898,1.8292683362960815,-0.2265625,0.01171875,-1.0732421875,1614178455.6962419
3705,1614178455,800241905,-0.00562756415457,-0.00334311369807,-0.76971912384,0.638349115849,3.7195122241973877,8.353658676147461,1.585365891456604,-0.4697265625,-0.06689453125,-1.03759765625,1614178455.800242
3706,1614178455,884241905,0.000593646429479,-0.00786985084414,-0.770454883575,0.637445688248,-5.487804889678955,-6.341463565826416,2.5609755516052246,0.34765625,-0.58837890625,-0.978515625,1614178455.8842418
3707,1614178455,988241905,-0.00587515346706,-0.00742469448596,-0.770226478577,0.637700200081,6.52439022064209,-0.4878048896789551,0.0,0.15478515625,-0.02685546875,-1.033203125,1614178455.988242
3708,1614178456,92241905,-0.00322854332626,-0.0069326562807,-0.76947748661,0.638628184795,6.036585330963135,2.987804889678955,-4.817073345184326,0.0849609375,0.4150390625,-1.1298828125,1614178456.092242
3709,1614178456,196241905,-0.00697557348758,-0.00598182529211,-0.768342018127,0.639973521233,-6.280488014221191,-4.695122241973877,2.012195110321045,-0.05419921875,-0.17138671875,-0.97265625,1614178456.1962419
3710,1614178456,300241905,-0.00606961920857,-0.00456353276968,-0.768865823746,0.639365017414,2.0731706619262695,2.804877996444702,1.6463414430618286,-0.55908203125,0.24609375,-1.0634765625,1614178456.300242
3711,1614178456,384241905,-0.0031054103747,-0.00351227261126,-0.769352138042,0.638807713985,-3.2317073345184326,-2.0731706619262695,2.4390244483947754,-0.1474609375,-0.2041015625,-1.01318359375,1614178456.3842418
3712,1614178456,488241905,0.00158994272351,-0.00252744182944,-0.769663393497,0.638442933559,-2.5,-7.804878234863281,4.512195110321045,0.10595703125,-0.37890625,-0.99267578125,1614178456.488242
3713,1614178456,592241905,-0.00432941596955,-0.00485770124942,-0.768410623074,0.639924049377,3.841463565826416,-7.439024448394775,-2.378048896789551,-0.19775390625,-0.1533203125,-1.46630859375,1614178456.592242
3714,1614178456,696241905,-0.0124962935224,-0.00582271907479,-0.767062485218,0.641424238682,4.329268455505371,0.9146341681480408,1.2804877758026123,-0.13427734375,0.123046875,-1.15771484375,1614178456.6962419
3715,1614178456,800241905,-0.0048974826932,-0.0077555431053,-0.766892552376,0.641709983349,3.7195122241973877,-1.585365891456604,1.7682926654815674,-0.20166015625,0.10205078125,-1.15234375,1614178456.800242
3716,1614178456,881599025,-0.00233694817871,-0.0101708294824,-0.768440246582,0.639836490154,3.4146342277526855,-6.097560882568359,5.670732021331787,0.125,-0.31787109375,-0.8583984375,1614178456.881599
3717,1614178456,985599025,-0.00657205469906,-0.0148935616016,-0.768837451935,0.639236986637,-0.4268292784690857,-1.6463414430618286,2.4390244483947754,0.0986328125,-0.25341796875,-0.91259765625,1614178456.985599
3718,1614178457,89599025,-0.0113441832364,-0.0192603133619,-0.768654227257,0.639273822308,5.121951103210449,1.2804877758026123,0.9756097793579102,-0.01220703125,-0.1083984375,-1.0126953125,1614178457.0895991
3719,1614178457,193599025,-0.0120426798239,-0.0182819478214,-0.77244335413,0.634706258774,-3.9634146690368652,2.7439024448394775,16.829269409179688,-0.0234375,-0.0625,-1.03369140625,1614178457.193599
3720,1614178457,297599025,-0.010897285305,-0.0155004113913,-0.78277027607,0.622022271156,0.7317073345184326,-0.4268292784690857,33.29268264770508,-0.08056640625,0.0302734375,-0.9765625,1614178457.297599
3721,1614178457,381599025,-0.00858612917364,-0.0138647574931,-0.806805193424,0.590592443943,2.012195110321045,1.9512195587158203,54.085365295410156,-0.0283203125,0.02099609375,-1.068359375,1614178457.381599
3722,1614178457,485599025,-0.00644194986671,-0.0133976535872,-0.834044933319,0.551496207714,3.841463565826416,-0.060975611209869385,56.28049087524414,-0.00244140625,0.06884765625,-0.9619140625,1614178457.485599
3723,1614178457,589599025,-0.00539162848145,-0.0144187938422,-0.859375298023,0.511113584042,4.817073345184326,0.6707317233085632,54.20731735229492,-0.0732421875,0.0419921875,-1.0078125,1614178457.5895991
3724,1614178457,693599025,-0.00618804618716,-0.0150795681402,-0.88104981184,0.472742527723,2.865853786468506,3.5975611209869385,48.353660583496094,-0.005859375,0.01318359375,-0.99462890625,1614178457.693599
3725,1614178457,797599025,-0.00531183835119,-0.0137340435758,-0.899794578552,0.436065226793,3.353658676147461,3.7804877758026123,49.39024353027344,0.0068359375,0.05712890625,-0.9892578125,1614178457.797599
3726,1614178457,881599025,-0.00578205380589,-0.0110408701003,-0.918348670006,0.395576030016,4.329268455505371,5.670732021331787,53.53658676147461,-0.02001953125,-0.041015625,-1.03076171875,1614178457.881599
3727,1614178457,985599025,-0.00750451628119,-0.00881467014551,-0.929952442646,0.36749753356,3.170731782913208,1.6463414430618286,8.47560977935791,0.05322265625,0.02490234375,-1.00537109375,1614178457.985599
3728,1614178458,89599025,-0.00720463041216,-0.00859822891653,-0.929694116116,0.368161708117,-0.060975611209869385,-0.060975611209869385,0.0,-0.01904296875,0.04248046875,-1.037109375,1614178458.0895991
3729,1614178458,193599025,-0.00653935130686,-0.00781244691461,-0.92961448431,0.368392586708,1.1585365533828735,1.8902438879013062,1.0365853309631348,-0.001953125,0.01513671875,-0.99267578125,1614178458.193599
3730,1614178458,297599025,-0.0061672097072,-0.00688405334949,-0.929451406002,0.368828833103,2.012195110321045,1.4634146690368652,0.12195122241973877,0.015625,0.02294921875,-1.0009765625,1614178458.297599
3731,1614178458,381599025,-0.0053448677063,-0.00605246797204,-0.929236292839,0.369397759438,1.8902438879013062,0.9756097793579102,0.6097561120986938,0.0078125,0.01220703125,-1.0224609375,1614178458.381599
3732,1614178458,485599025,-0.004687753506,-0.00527633540332,-0.92919677496,0.369518041611,2.4390244483947754,1.402438998222351,1.3414634466171265,0.0107421875,-0.00439453125,-0.9853515625,1614178458.485599
3733,1614178458,589599025,-0.00421251356602,-0.00452693738043,-0.929198503494,0.369529336691,2.5,1.2804877758026123,1.2195122241973877,0.00927734375,0.01123046875,-1.0087890625,1614178458.5895991
3734,1614178458,693599025,-0.00380205828696,-0.00384092424065,-0.929209053516,0.369515031576,2.5609755516052246,1.402438998222351,1.2804877758026123,0.01025390625,0.00927734375,-1.015625,1614178458.693599
3735,1614178458,777599025,-0.00340884085745,-0.00315567385405,-0.929215013981,0.369510293007,2.2560975551605225,1.4634146690368652,1.2195122241973877,0.02001953125,0.01171875,-1.00634765625,1614178458.777599
3736,1614178458,881599025,-0.00307546462864,-0.00256201066077,-0.929220080376,0.369505017996,2.2560975551605225,1.4634146690368652,1.2804877758026123,0.0107421875,0.00146484375,-1.00732421875,1614178458.881599
3737,1614178458,985599025,-0.00272194296122,-0.00206117611378,-0.929226756096,0.36949416995,2.1341464519500732,1.2804877758026123,1.3414634466171265,0.01904296875,0.01220703125,-1.005859375,1614178458.985599
3738,1614178459,89599025,-0.00240889098495,-0.00153849087656,-0.929230988026,0.369488328695,2.195122003555298,1.3414634466171265,1.2804877758026123,0.01171875,0.00341796875,-1.00341796875,1614178459.0895991
3739,1614178459,193599025,-0.0021699834615,-0.00105521548539,-0.929233729839,0.3694845438,2.1341464519500732,1.402438998222351,1.1585365533828735,0.0107421875,0.01025390625,-1.01318359375,1614178459.193599
3740,1614178459,277599025,-0.00191674847156,-0.000611759722233,-0.929225385189,0.369507968426,2.1341464519500732,1.402438998222351,1.1585365533828735,0.00146484375,0.01318359375,-1.00341796875,1614178459.277599
3741,1614178459,378255910,-0.00161660928279,-0.000180449336767,-0.929216921329,0.369531065226,2.2560975551605225,1.4634146690368652,1.2804877758026123,0.00244140625,0.01025390625,-1.00390625,1614178459.3782558
3742,1614178459,482255910,-0.00137325096875,0.000190571881831,-0.929216086864,0.369534194469,2.195122003555298,1.402438998222351,1.2195122241973877,0.01220703125,-0.0029296875,-1.00048828125,1614178459.482256
3743,1614178459,586255910,-0.00127397384495,0.000600428320467,-0.92922860384,0.369502663612,2.0731706619262695,1.4634146690368652,1.3414634466171265,0.00634765625,0.01171875,-0.9990234375,1614178459.586256
3744,1614178459,690255910,-0.00105013698339,0.000883456319571,-0.929217636585,0.369530409575,2.195122003555298,1.402438998222351,1.2195122241973877,0.0078125,0.01318359375,-1.0107421875,1614178459.6902559
3745,1614178459,774255910,-0.000969909131527,0.0012193210423,-0.929213225842,0.369540691376,2.1341464519500732,1.3414634466171265,1.2195122241973877,-0.00244140625,0.00341796875,-0.99658203125,1614178459.774256
3746,1614178459,878255910,-0.000839190557599,0.00149792339653,-0.929212808609,0.369541019201,2.1341464519500732,1.2804877758026123,1.2804877758026123,0.001953125,0.00732421875,-0.998046875,1614178459.8782558
3747,1614178459,982255910,-0.000665931031108,0.00171010568738,-0.929217398167,0.369529008865,2.195122003555298,1.402438998222351,1.402438998222351,0.00732421875,-0.0009765625,-1.00244140625,1614178459.982256
3748,1614178460,86255910,-0.000426054932177,0.00188723672181,-0.92920422554,0.369561553001,2.1341464519500732,1.3414634466171265,1.097561001777649,0.013671875,0.0009765625,-1.00390625,1614178460.086256
3749,1614178460,190255910,-0.000337237492204,0.00205866713077,-0.929210722446,0.369544386864,2.195122003555298,1.3414634466171265,1.3414634466171265,0.0029296875,0.0107421875,-1.01220703125,1614178460.1902559
3750,1614178460,274255910,-0.000217314809561,0.00228142738342,-0.92922693491,0.369502425194,2.1341464519500732,1.402438998222351,1.3414634466171265,0.00732421875,0.0048828125,-1.0048828125,1614178460.274256
3753,1614178460,586255910,0.000197503715754,0.00278933532536,-0.92924207449,0.369460910559,2.0731706619262695,1.402438998222351,1.2195122241973877,0.00732421875,0.00390625,-1.005859375,1614178460.586256
3754,1614178460,690255910,0.000253247097135,0.00303328689188,-0.92924529314,0.369450807571,2.1341464519500732,1.4634146690368652,1.1585365533828735,0.01025390625,0.0107421875,-1.0126953125,1614178460.6902559
3755,1614178460,774255910,0.000346759334207,0.00317544210702,-0.929250657558,0.36943602562,2.195122003555298,1.4634146690368652,1.2804877758026123,0.0068359375,0.0068359375,-1.0048828125,1614178460.774256
3756,1614178460,878255910,0.000418270006776,0.00323391333222,-0.929253399372,0.369428575039,2.195122003555298,1.4634146690368652,1.2804877758026123,0.00830078125,-0.005859375,-1.00244140625,1614178460.8782558
3757,1614178460,982255910,0.000434095971286,0.00331040192395,-0.929258048534,0.369416207075,2.195122003555298,1.5243902206420898,1.1585365533828735,0.0,0.0048828125,-1.01123046875,1614178460.982256
3758,1614178461,86255910,0.000525751151145,0.00336665753275,-0.929254770279,0.369423806667,2.1341464519500732,1.402438998222351,1.2195122241973877,0.0048828125,0.0048828125,-0.9931640625,1614178461.086256
3759,1614178461,190255910,0.000508048571646,0.00342607218772,-0.929251670837,0.369431167841,2.195122003555298,1.402438998222351,1.3414634466171265,0.017578125,-0.0029296875,-1.0166015625,1614178461.1902559
3760,1614178461,274255910,0.000504138879478,0.00352728087455,-0.929252326488,0.369428515434,2.1341464519500732,1.3414634466171265,1.3414634466171265,0.01220703125,-0.0048828125,-1.00927734375,1614178461.274256
3761,1614178461,378255910,0.000552563928068,0.00357953738421,-0.929254055023,0.369423598051,2.195122003555298,1.402438998222351,1.2195122241973877,0.00537109375,0.00048828125,-1.01904296875,1614178461.3782558
3762,1614178461,482255910,0.000610617920756,0.00362134538591,-0.929248869419,0.369436174631,2.195122003555298,1.402438998222351,1.3414634466171265,0.00634765625,0.005859375,-0.98583984375,1614178461.482256
3763,1614178461,586255910,0.000617333687842,0.00372840277851,-0.929246604443,0.369440764189,2.2560975551605225,1.402438998222351,1.2195122241973877,0.0107421875,0.0146484375,-1.00927734375,1614178461.586256
3764,1614178461,690255910,0.000675323419273,0.00376223213971,-0.929248332977,0.369435966015,2.0731706619262695,1.402438998222351,1.3414634466171265,0.015625,0.001953125,-1.00830078125,1614178461.6902559
3765,1614178461,774255910,0.00065930467099,0.00379912275821,-0.929254174232,0.369420915842,2.1341464519500732,1.402438998222351,1.2804877758026123,0.01318359375,0.0048828125,-1.0048828125,1614178461.774256
3766,1614178461,877753076,0.000647240318358,0.00387340039015,-0.929257929325,0.369410723448,2.1341464519500732,1.4634146690368652,1.3414634466171265,0.01025390625,0.0087890625,-1.0048828125,1614178461.877753
3767,1614178461,981753076,0.000722389668226,0.003916407004,-0.929252684116,0.369423270226,2.195122003555298,1.4634146690368652,1.2195122241973877,0.01416015625,0.00341796875,-1.00537109375,1614178461.981753
3768,1614178462,85753076,0.000771666876972,0.00395009852946,-0.929245531559,0.369440883398,2.2560975551605225,1.402438998222351,1.2804877758026123,0.0048828125,0.005859375,-0.99072265625,1614178462.085753
3769,1614178462,169753076,0.000786687247455,0.00392887182534,-0.929246604443,0.369438409805,2.1341464519500732,1.402438998222351,1.2804877758026123,0.0068359375,0.00830078125,-0.9931640625,1614178462.169753
3770,1614178462,273753076,0.000819942913949,0.00400402024388,-0.929241299629,0.369450837374,2.2560975551605225,1.4634146690368652,1.3414634466171265,0.0078125,0.00830078125,-1.00390625,1614178462.2737532
3771,1614178462,377753076,0.0008689109236,0.0041287522763,-0.92923784256,0.369457989931,2.0731706619262695,1.3414634466171265,1.2195122241973877,-0.00048828125,0.01123046875,-1.009765625,1614178462.377753
3772,1614178462,481753076,0.000931963324547,0.00417092535645,-0.929235637188,0.369462996721,2.195122003555298,1.402438998222351,1.2804877758026123,0.00439453125,0.01220703125,-1.0087890625,1614178462.481753
