seq,secs,nsecs,pos_x,pos_y,pos_z,ori_x,ori_y,ori_z,ori_w,time
17342,1614000085,348346929,1.90603792667,1.67363870144,0,0,0,-0.87768463638,0.47923864521,1614000085.34835
17343,1614000085,408346929,1.90603792667,1.67363870144,0,0,0,-0.87768463638,0.47923864521,1614000085.40835
17344,1614000085,468346929,1.90603792667,1.67363870144,0,0,0,-0.87768463638,0.47923864521,1614000085.46835
17345,1614000085,528346929,1.90603792667,1.67363870144,0,0,0,-0.87768463638,0.47923864521,1614000085.52835
17346,1614000085,588346929,1.90603792667,1.67363870144,0,0,0,-0.87768463638,0.47923864521,1614000085.58835
17347,1614000085,648346929,1.90603792667,1.67363870144,0,0,0,-0.87768463638,0.47923864521,1614000085.64835
17348,1614000085,708346929,1.90603792667,1.67363870144,0,0,0,-0.87768463638,0.47923864521,1614000085.70835
17349,1614000085,768346929,1.90603792667,1.67363870144,0,0,0,-0.87768463638,0.47923864521,1614000085.76835
17350,1614000085,828346929,1.90603792667,1.67363870144,0,0,0,-0.87768463638,0.47923864521,1614000085.82835
17351,1614000085,888346929,1.90603792667,1.67363870144,0,0,0,-0.87768463638,0.47923864521,1614000085.88835
17352,1614000085,948346929,1.90603792667,1.67363870144,0,0,0,-0.87768463638,0.47923864521,1614000085.94835
17353,1614000086,8346929,1.90603792667,1.67363870144,0,0,0,-0.87768463638,0.47923864521,1614000086.00835
17354,1614000086,68346929,1.90603792667,1.67363870144,0,0,0,-0.87768463638,0.47923864521,1614000086.06835
17355,1614000086,128346929,1.90603792667,1.67363870144,0,0,0,-0.87768463638,0.47923864521,1614000086.12835
17356,1614000086,197515068,1.90603792667,1.67363870144,0,0,0,-0.87768463638,0.47923864521,1614000086.19752
17357,1614000086,257515068,1.90603792667,1.67363870144,0,0,0,-0.87768463638,0.47923864521,1614000086.25752
17358,1614000086,317515068,1.90603792667,1.67363870144,0,0,0,-0.87768463638,0.47923864521,1614000086.31752
17359,1614000086,377515068,1.90603792667,1.67363870144,0,0,0,-0.87768463638,0.47923864521,1614000086.37752
17360,1614000086,437515068,1.90603792667,1.67363870144,0,0,0,-0.87768463638,0.47923864521,1614000086.43752
17361,1614000086,497515068,1.90603792667,1.67363870144,0,0,0,-0.87768463638,0.47923864521,1614000086.49752
17362,1614000086,557515068,1.90603792667,1.67363870144,0,0,0,-0.87768463638,0.47923864521,1614000086.55752
17363,1614000086,617515068,1.90603792667,1.67363870144,0,0,0,-0.87768463638,0.47923864521,1614000086.61752
17364,1614000086,677515068,1.90603792667,1.67363870144,0,0,0,-0.87768463638,0.47923864521,1614000086.67752
17365,1614000086,737515068,1.90603792667,1.67363870144,0,0,0,-0.87768463638,0.47923864521,1614000086.73752
17366,1614000086,797515068,1.90603792667,1.67363870144,0,0,0,-0.87768463638,0.47923864521,1614000086.79752
17367,1614000086,857515068,1.90603792667,1.67363870144,0,0,0,-0.87768463638,0.47923864521,1614000086.85752
17368,1614000086,917515068,1.90603792667,1.67363870144,0,0,0,-0.87768463638,0.47923864521,1614000086.91752
17369,1614000086,977515068,1.90603792667,1.67363870144,0,0,0,-0.87768463638,0.47923864521,1614000086.97752
17370,1614000087,37515068,1.90603792667,1.67363870144,0,0,0,-0.87768463638,0.47923864521,1614000087.03752
17371,1614000087,97515068,1.90603792667,1.67363870144,0,0,0,-0.87768463638,0.47923864521,1614000087.09752
17372,1614000087,157515068,1.90603792667,1.67363870144,0,0,0,-0.87768463638,0.47923864521,1614000087.15752
17373,1614000087,217515068,1.90603792667,1.67363870144,0,0,0,-0.87768463638,0.47923864521,1614000087.21752
17374,1614000087,277515068,1.90603792667,1.67363870144,0,0,0,-0.87768463638,0.47923864521,1614000087.27752
17375,1614000087,337515068,1.90603792667,1.67363870144,0,0,0,-0.87768463638,0.47923864521,1614000087.33752
17376,1614000087,397515068,1.90603792667,1.67363870144,0,0,0,-0.87768463638,0.47923864521,1614000087.39752
17377,1614000087,457515068,1.90603792667,1.67363870144,0,0,0,-0.87768463638,0.47923864521,1614000087.45752
17378,1614000087,517515068,1.90603792667,1.67363870144,0,0,0,-0.87768463638,0.47923864521,1614000087.51752
17379,1614000087,577515068,1.90603792667,1.67363870144,0,0,0,-0.87768463638,0.47923864521,1614000087.57752
17380,1614000087,637515068,1.90603792667,1.67363870144,0,0,0,-0.87768463638,0.47923864521,1614000087.63752
17381,1614000087,697515068,1.90603792667,1.67363870144,0,0,0,-0.87768463638,0.47923864521,1614000087.69752
17382,1614000087,757515068,1.90603792667,1.67363870144,0,0,0,-0.87768463638,0.47923864521,1614000087.75752
17383,1614000087,817515068,1.90603792667,1.67363870144,0,0,0,-0.87768463638,0.47923864521,1614000087.81752
17384,1614000087,877515068,1.90603792667,1.67363870144,0,0,0,-0.87768463638,0.47923864521,1614000087.87752
17385,1614000087,937515068,1.90603792667,1.67363870144,0,0,0,-0.87768463638,0.47923864521,1614000087.93752
17386,1614000087,997515068,1.90603792667,1.67363870144,0,0,0,-0.87768463638,0.47923864521,1614000087.99752
17387,1614000088,57515068,1.90603792667,1.67363870144,0,0,0,-0.87768463638,0.47923864521,1614000088.05752
17388,1614000088,117515068,1.90603792667,1.67363870144,0,0,0,-0.87768463638,0.47923864521,1614000088.11752
17389,1614000088,177515068,1.90603792667,1.67363870144,0,0,0,-0.87768463638,0.47923864521,1614000088.17752
17390,1614000088,237515068,1.90603792667,1.67363870144,0,0,0,-0.87768463638,0.47923864521,1614000088.23752
17391,1614000088,297515068,1.90603792667,1.67363870144,0,0,0,-0.87768463638,0.47923864521,1614000088.29752
17392,1614000088,357515068,1.90603792667,1.67363870144,0,0,0,-0.87768463638,0.47923864521,1614000088.35752
17393,1614000088,417515068,1.90603792667,1.67363870144,0,0,0,-0.87768463638,0.47923864521,1614000088.41752
17394,1614000088,477515068,1.90603792667,1.67363870144,0,0,0,-0.87768463638,0.47923864521,1614000088.47752
17395,1614000088,537515068,1.90603792667,1.67363870144,0,0,0,-0.87768463638,0.47923864521,1614000088.53752
17396,1614000088,597515068,1.90603792667,1.67363870144,0,0,0,-0.87768463638,0.47923864521,1614000088.59752
17397,1614000088,657515068,1.90603792667,1.67363870144,0,0,0,-0.87768463638,0.47923864521,1614000088.65752
17398,1614000088,708044118,1.90603792667,1.67363870144,0,0,0,-0.87768463638,0.47923864521,1614000088.70804
17399,1614000088,768044118,1.90603792667,1.67363870144,0,0,0,-0.87768463638,0.47923864521,1614000088.76804
17400,1614000088,828044118,1.90603792667,1.67363870144,0,0,0,-0.87768463638,0.47923864521,1614000088.82804
17401,1614000088,888044118,1.90603792667,1.67363870144,0,0,0,-0.87768463638,0.47923864521,1614000088.88804
17402,1614000088,948044118,1.90603792667,1.67363870144,0,0,0,-0.87768463638,0.47923864521,1614000088.94804
17403,1614000089,8044118,1.90603792667,1.67363870144,0,0,0,-0.87768463638,0.47923864521,1614000089.00804
17404,1614000089,68044118,1.90603792667,1.67363870144,0,0,0,-0.87768463638,0.47923864521,1614000089.06804
17405,1614000089,128044118,1.90603792667,1.67363870144,0,0,0,-0.87768463638,0.47923864521,1614000089.12804
17406,1614000089,188044118,1.90603792667,1.67363870144,0,0,0,-0.87768463638,0.47923864521,1614000089.18804
17407,1614000089,248044118,1.90603792667,1.67363870144,0,0,0,-0.87768463638,0.47923864521,1614000089.24804
17408,1614000089,308044118,1.90603792667,1.67363870144,0,0,0,-0.87768463638,0.47923864521,1614000089.30804
17409,1614000089,368044118,1.90603792667,1.67363870144,0,0,0,-0.87768463638,0.47923864521,1614000089.36804
17410,1614000089,428044118,1.90603792667,1.67363870144,0,0,0,-0.87768463638,0.47923864521,1614000089.42804
17411,1614000089,488044118,1.90603792667,1.67363870144,0,0,0,-0.87768463638,0.47923864521,1614000089.48804
17412,1614000089,548044118,1.90603792667,1.67363870144,0,0,0,-0.87768463638,0.47923864521,1614000089.54804
17413,1614000089,608044118,1.90603792667,1.67363870144,0,0,0,-0.87768463638,0.47923864521,1614000089.60804
17414,1614000089,668044118,1.90603792667,1.67363870144,0,0,0,-0.87768463638,0.47923864521,1614000089.66804
17415,1614000089,728044118,1.90603792667,1.67363870144,0,0,0,-0.87768463638,0.47923864521,1614000089.72804
17416,1614000089,788044118,1.90603792667,1.67363870144,0,0,0,-0.87768463638,0.47923864521,1614000089.78804
17417,1614000089,848044118,1.90603792667,1.67363870144,0,0,0,-0.87768463638,0.47923864521,1614000089.84804
17418,1614000089,908044118,1.90603792667,1.67363870144,0,0,0,-0.87768463638,0.47923864521,1614000089.90804
17419,1614000089,968044118,1.90603792667,1.67363870144,0,0,0,-0.87768463638,0.47923864521,1614000089.96804
17420,1614000090,28044118,1.90603792667,1.67363870144,0,0,0,-0.87768463638,0.47923864521,1614000090.02804
17421,1614000090,88044118,1.90603792667,1.67363870144,0,0,0,-0.87768463638,0.47923864521,1614000090.08804
17422,1614000090,148044118,1.90603792667,1.67363870144,0,0,0,-0.87768463638,0.47923864521,1614000090.14804
17423,1614000090,208044118,1.90603792667,1.67363870144,0,0,0,-0.87768463638,0.47923864521,1614000090.20804
17424,1614000090,268044118,1.90603792667,1.67363870144,0,0,0,-0.87768463638,0.47923864521,1614000090.26804
17425,1614000090,328044118,1.90603792667,1.67363870144,0,0,0,-0.87768463638,0.47923864521,1614000090.32804
17426,1614000090,388044118,1.90603792667,1.67363870144,0,0,0,-0.87768463638,0.47923864521,1614000090.38804
17427,1614000090,448044118,1.90603792667,1.67363870144,0,0,0,-0.87768463638,0.47923864521,1614000090.44804
17428,1614000090,508044118,1.90603792667,1.67363870144,0,0,0,-0.87768463638,0.47923864521,1614000090.50804
17429,1614000090,568044118,1.90603792667,1.67363870144,0,0,0,-0.87768463638,0.47923864521,1614000090.56804
17430,1614000090,628044118,1.90603792667,1.67363870144,0,0,0,-0.87768463638,0.47923864521,1614000090.62804
17431,1614000090,688044118,1.90603792667,1.67363870144,0,0,0,-0.87768463638,0.47923864521,1614000090.68804
17432,1614000090,748044118,1.90603792667,1.67363870144,0,0,0,-0.87768463638,0.47923864521,1614000090.74804
17433,1614000090,808044118,1.90603792667,1.67363870144,0,0,0,-0.87768463638,0.47923864521,1614000090.80804
17434,1614000090,868044118,1.90603792667,1.67363870144,0,0,0,-0.87768463638,0.47923864521,1614000090.86804
17435,1614000090,928044118,1.90603792667,1.67363870144,0,0,0,-0.87768463638,0.47923864521,1614000090.92804
17436,1614000090,988044118,1.90603792667,1.67363870144,0,0,0,-0.87768463638,0.47923864521,1614000090.98804
17437,1614000091,48044118,1.90603792667,1.67363870144,0,0,0,-0.87768463638,0.47923864521,1614000091.04804
17438,1614000091,108044118,1.90603792667,1.67363870144,0,0,0,-0.87768463638,0.47923864521,1614000091.10804
17439,1614000091,168631095,1.90603792667,1.67363870144,0,0,0,-0.87768463638,0.47923864521,1614000091.16863
17440,1614000091,228631095,1.90603792667,1.67363870144,0,0,0,-0.87768463638,0.47923864521,1614000091.22863
17441,1614000091,288631095,1.90603792667,1.67363870144,0,0,0,-0.87768463638,0.47923864521,1614000091.28863
17442,1614000091,348631095,1.90603792667,1.67363870144,0,0,0,-0.87768463638,0.47923864521,1614000091.34863
17443,1614000091,408631095,1.90603792667,1.67363870144,0,0,0,-0.87768463638,0.47923864521,1614000091.40863
17444,1614000091,468631095,1.90603792667,1.67363870144,0,0,0,-0.87768463638,0.47923864521,1614000091.46863
17445,1614000091,528631095,1.90603792667,1.67363870144,0,0,0,-0.87768463638,0.47923864521,1614000091.52863
17446,1614000091,588631095,1.90603792667,1.67363870144,0,0,0,-0.87768463638,0.47923864521,1614000091.58863
17447,1614000091,648631095,1.90603792667,1.67363870144,0,0,0,-0.87768463638,0.47923864521,1614000091.64863
17448,1614000091,708631095,1.90603792667,1.67363870144,0,0,0,-0.87768463638,0.47923864521,1614000091.70863
17449,1614000091,768631095,1.90495812893,1.67195820808,0,0,0,-0.877605614079,0.479383339444,1614000091.76863
17450,1614000091,828631095,1.90253484249,1.66817355156,0,0,0,-0.877209629707,0.480107556229,1614000091.82863
17451,1614000091,888631095,1.89703536034,1.65957987309,0,0,0,-0.877209744174,0.480107347086,1614000091.88863
17452,1614000091,948631095,1.88820207119,1.64576768875,0,0,0,-0.877051274769,0.480396774995,1614000091.94863
17453,1614000092,8631095,1.87560725212,1.62606084347,0,0,0,-0.877051160234,0.480396984101,1614000092.00863
17454,1614000092,68631095,1.86019933224,1.60195350647,0,0,0,-0.877130406908,0.480252276701,1614000092.06863
17455,1614000092,128631095,1.84280633926,1.57477939129,0,0,0,-0.877288943061,0.479962613527,1614000092.12863
17456,1614000092,188631095,1.82505583763,1.54704642296,0,0,0,-0.877368060868,0.479817971493,1614000092.18863
17457,1614000092,248631095,1.80826377869,1.5209184885,0,0,0,-0.877763806162,0.479093624037,1614000092.24863
17458,1614000092,308631095,1.79172384739,1.49513971806,0,0,0,-0.877368118067,0.479817866903,1614000092.30863
17459,1614000092,368631095,1.7752622366,1.46947050095,0,0,0,-0.877447383555,0.479672898018,1614000092.36863
17460,1614000092,428631095,1.75866091251,1.44360232353,0,0,0,-0.87768457925,0.479238749838,1614000092.42863
17461,1614000092,488631095,1.74244904518,1.41838347912,0,0,0,-0.87768469351,0.479238540582,1614000092.48863
17462,1614000092,548631095,1.7264302969,1.39342272282,0,0,0,-0.877526396432,0.479528334476,1614000092.54863
17463,1614000092,608631095,1.71020066738,1.3681640625,0,0,0,-0.877605499785,0.479383548682,1614000092.60863
17464,1614000092,668631095,1.69363176823,1.34237742424,0,0,0,-0.87768457925,0.479238749838,1614000092.66863
17465,1614000092,728631095,1.6777472496,1.3176856041,0,0,0,-0.877842723601,0.478949008373,1614000092.72863
17466,1614000092,788631095,1.66321122646,1.29507923126,0,0,0,-0.877763634824,0.479093937949,1614000092.78863
17467,1614000092,848631095,1.65099227428,1.27607250214,0,0,0,-0.877605499785,0.479383548682,1614000092.84863
17468,1614000092,908631095,1.64181816578,1.26180827618,0,0,0,-0.877763634824,0.479093937949,1614000092.90863
17469,1614000092,968631095,1.63621735573,1.25309288502,0,0,0,-0.877763806162,0.479093624037,1614000092.96863
17470,1614000093,28631095,1.63377809525,1.24930071831,0,0,0,-0.87768457925,0.479238749838,1614000093.02863
17471,1614000093,88631095,1.63348531723,1.24884474277,0,0,0,-0.877526453596,0.479528229867,1614000093.08863
17472,1614000093,148631095,1.63348531723,1.24884474277,0,0,0,-0.877526453596,0.479528229867,1614000093.14863
17473,1614000093,208631095,1.63348531723,1.24884474277,0,0,0,-0.877526453596,0.479528229867,1614000093.20863
17474,1614000093,268631095,1.63348531723,1.24884474277,0,0,0,-0.877526453596,0.479528229867,1614000093.26863
17475,1614000093,328631095,1.63348531723,1.24884474277,0,0,0,-0.877526453596,0.479528229867,1614000093.32863
17476,1614000093,388631095,1.63348531723,1.24884474277,0,0,0,-0.877526453596,0.479528229867,1614000093.38863
17477,1614000093,448631095,1.63348531723,1.24884474277,0,0,0,-0.877526453596,0.479528229867,1614000093.44863
17478,1614000093,508631095,1.63348531723,1.24884474277,0,0,0,-0.877526453596,0.479528229867,1614000093.50863
17479,1614000093,568631095,1.63348531723,1.24884474277,0,0,0,-0.877526453596,0.479528229867,1614000093.56863
17480,1614000093,628631095,1.63348531723,1.24884474277,0,0,0,-0.877526453596,0.479528229867,1614000093.62863
17481,1614000093,689589052,1.63254308701,1.24738001823,0,0,0,-0.877842837791,0.478948799079,1614000093.68959
17482,1614000093,749589052,1.63006806374,1.24352645874,0,0,0,-0.877605556932,0.479383444063,1614000093.74959
17483,1614000093,809589052,1.62504076958,1.23569762707,0,0,0,-0.87768469351,0.479238540582,1614000093.80959
17484,1614000093,869589052,1.61669421196,1.22269201279,0,0,0,-0.877526396432,0.479528334476,1614000093.86959
17485,1614000093,929589052,1.60519254208,1.20470190048,0,0,0,-0.876813219657,0.480831132348,1614000093.92959
17486,1614000093,989589052,1.59104406834,1.18217778206,0,0,0,-0.874181760189,0.48559885724,1614000093.98959
17487,1614000094,49589052,1.57584834099,1.15686762333,0,0,0,-0.867694913484,0.497097110346,1614000094.04959
17488,1614000094,109589052,1.56078231335,1.12964689732,0,0,0,-0.858020530507,0.513615390374,1614000094.10959
17489,1614000094,169589052,1.54728198051,1.10257518291,0,0,0,-0.846278446717,0.532740828755,1614000094.16959
17490,1614000094,229589052,1.53528642654,1.07525098324,0,0,0,-0.832741696087,0.553661690564,1614000094.22959
17491,1614000094,289589052,1.52486693859,1.04785323143,0,0,0,-0.818213855846,0.57491398148,1614000094.28959
17492,1614000094,349589052,1.51580750942,1.01965415478,0,0,0,-0.802947347943,0.596049961355,1614000094.34959
17493,1614000094,409589052,1.50814735889,0.990579903126,0,0,0,-0.786523575765,0.617560251932,1614000094.40959
17494,1614000094,469589052,1.50217461586,0.96189057827,0,0,0,-0.770155907977,0.637855686977,1614000094.46959
17495,1614000094,529589052,1.49765145779,0.932122409344,0,0,0,-0.752721740441,0.658338804467,1614000094.52959
17496,1614000094,589589052,1.49478161335,0.903653085232,0,0,0,-0.735749781082,0.677253467793,1614000094.58959
17497,1614000094,649589052,1.49341475964,0.874509751797,0,0,0,-0.717498064969,0.696560497564,1614000094.64959
17498,1614000094,709589052,1.4935849905,0.844749927521,0,0,0,-0.698622096248,0.715490857129,1614000094.70959
17499,1614000094,769589052,1.49531888962,0.81518214941,0,0,0,-0.67973125882,0.733461257179,1614000094.76959
17500,1614000094,829589052,1.49862289429,0.785807073116,0,0,0,-0.659758560629,0.75147763884,1614000094.82959
17501,1614000094,889589052,1.50347840786,0.756640732288,0,0,0,-0.639561674885,0.768739789537,1614000094.88959
17502,1614000094,949589052,1.50989949703,0.727698028088,0,0,0,-0.618913980525,0.7854587734,1614000094.94959
17503,1614000095,9589052,1.51773202419,0.699406981468,0,0,0,-0.598622860733,0.801031004773,1614000095.00959
17504,1614000095,69589052,1.52706074715,0.671461284161,0,0,0,-0.577535139499,0.81636582648,1614000095.06959
17505,1614000095,129589052,1.5379294157,0.6438575387,0,0,0,-0.554958074157,0.831878317981,1614000095.12959
17506,1614000095,189589052,1.5502872467,0.61696523428,0,0,0,-0.532243666726,0.846591211406,1614000095.18959
17507,1614000095,249589052,1.5640399456,0.59079015255,0,0,0,-0.509565427301,0.860431912065,1614000095.24959
17508,1614000095,309589052,1.57911372185,0.565435528755,0,0,0,-0.486815447775,0.873504848188,1614000095.30959
17509,1614000095,369589052,1.59567975998,0.540660738945,0,0,0,-0.463438522667,0.886129073955,1614000095.36959
17510,1614000095,429589052,1.61307322979,0.517359912395,0,0,0,-0.440474979227,0.897764887192,1614000095.42959
17511,1614000095,489589052,1.63136518002,0.49540579319,0,0,0,-0.416019589199,0.909355651768,1614000095.48959
17512,1614000095,549589052,1.64859485626,0.476910889149,0,0,0,-0.389588584536,0.920988998197,1614000095.54959
17513,1614000095,609589052,1.66309273243,0.463109046221,0,0,0,-0.361139868006,0.93251165984,1614000095.60959
17514,1614000095,669589052,1.67355322838,0.454275608063,0,0,0,-0.333596191128,0.94271606609,1614000095.66959
17515,1614000095,729589052,1.6798286438,0.449545353651,0,0,0,-0.307963193181,0.951398271832,1614000095.72959
17516,1614000095,789589052,1.6833204031,0.447141617537,0,0,0,-0.291590550876,0.956543229885,1614000095.78959
17517,1614000095,849589052,1.68451786041,0.446348398924,0,0,0,-0.287641171106,0.957738250612,1614000095.84959
17518,1614000095,909589052,1.68448364735,0.446371227503,0,0,0,-0.289221651393,0.957262156551,1614000095.90959
17519,1614000095,969589052,1.68436551094,0.446449875832,0,0,0,-0.289853354991,0.957071069775,1614000095.96959
17520,1614000096,29589052,1.68440139294,0.446425974369,0,0,0,-0.290011596303,0.957023131387,1614000096.02959
17521,1614000096,89589052,1.68437194824,0.446445673704,0,0,0,-0.290169487445,0.956975270608,1614000096.08959
17522,1614000096,149589052,1.68431305885,0.446485102177,0,0,0,-0.290485246029,0.956879470905,1614000096.14959
17523,1614000096,207700052,1.68431305885,0.446485102177,0,0,0,-0.290485246029,0.956879470905,1614000096.2077
17524,1614000096,267700052,1.68431305885,0.446485102177,0,0,0,-0.290485246029,0.956879470905,1614000096.2677
17525,1614000096,327700052,1.68431305885,0.446485102177,0,0,0,-0.290485246029,0.956879470905,1614000096.3277
17526,1614000096,387700052,1.68431305885,0.446485102177,0,0,0,-0.290485246029,0.956879470905,1614000096.3877
17527,1614000096,447700052,1.68431305885,0.446485102177,0,0,0,-0.290485246029,0.956879470905,1614000096.4477
17528,1614000096,507700052,1.684420228,0.446413308382,0,0,0,-0.290958853104,0.956735567333,1614000096.5077
17529,1614000096,567700052,1.68618857861,0.445211112499,0,0,0,-0.295060771873,0.955478487933,1614000096.5677
17530,1614000096,627700052,1.69091010094,0.441962271929,0,0,0,-0.296795067658,0.954941195998,1614000096.6277
17531,1614000096,687700052,1.70027852058,0.435528159142,0,0,0,-0.296164768206,0.955136864577,1614000096.6877
17532,1614000096,747700052,1.7154866457,0.425120949745,0,0,0,-0.295533998102,0.955332222824,1614000096.7477
17533,1614000096,807700052,1.73591959476,0.411141395569,0,0,0,-0.295376719637,0.955380863057,1614000096.8077
17534,1614000096,867700052,1.76015722752,0.394625306129,0,0,0,-0.294430431495,0.955672915285,1614000096.8677
17535,1614000096,927700052,1.78594505787,0.377102524042,0,0,0,-0.293641599435,0.955915587843,1614000096.9277
17536,1614000096,987700052,1.81292998791,0.358787804842,0,0,0,-0.293799649644,0.95586702311,1614000096.9877
17537,1614000097,47700052,1.83922541142,0.340957731009,0,0,0,-0.29316839791,0.956060819439,1614000097.0477
17538,1614000097,107700052,1.86471307278,0.323781639338,0,0,0,-0.291905853274,0.95644705699,1614000097.1077
17539,1614000097,167700052,1.88951277733,0.307089060545,0,0,0,-0.291590237297,0.956543325476,1614000097.1677
17540,1614000097,227700052,1.91373991966,0.291164755821,0,0,0,-0.283054602394,0.959103796293,1614000097.2277
17541,1614000097,287700052,1.93853735924,0.275817662477,0,0,0,-0.268461495998,0.963290415797,1614000097.2877
17542,1614000097,347700052,1.96385324001,0.261382550001,0,0,0,-0.249653786235,0.968335162544,1614000097.3477
17543,1614000097,407700052,1.98921585083,0.24836204946,0,0,0,-0.227217329763,0.973844076357,1614000097.4077
17544,1614000097,467700052,2.01582884789,0.236295029521,0,0,0,-0.203204837383,0.979136248979,1614000097.4677
17545,1614000097,527700052,2.04331827164,0.225480735302,0,0,0,-0.177609020228,0.984101130948,1614000097.5277
17546,1614000097,587700052,2.0716714859,0.215974450111,0,0,0,-0.152381675285,0.988321721423,1614000097.5877
17547,1614000097,647700052,2.10004281998,0.208119288087,0,0,0,-0.12558124677,0.992083338465,1614000097.6477
17548,1614000097,707700052,2.12883877754,0.201798021793,0,0,0,-0.0988526862256,0.995102078395,1614000097.7077
17549,1614000097,767700052,2.15822410583,0.196945428848,0,0,0,-0.0732055373009,0.997316875075,1614000097.7677
17550,1614000097,827700052,2.18719553947,0.19367530942,0,0,0,-0.047509534076,0.998870784522,1614000097.8277
17551,1614000097,887700052,2.21679615974,0.191897839308,0,0,0,-0.0212864983515,0.999773416824,1614000097.8877
17552,1614000097,947700052,2.24650502205,0.191712960601,0,0,0,0.00594114882035,0.99998235122,1614000097.9477
17553,1614000098,7700052,2.27607250214,0.193065926433,0,0,0,0.0311844540604,0.999513646643,1614000098.0077
17554,1614000098,67700052,2.30582523346,0.195614561439,0,0,0,0.0466847956028,0.998909670521,1614000098.0677
17555,1614000098,127700052,2.33587121964,0.198676690459,0,0,0,0.0524531952445,0.998623383618,1614000098.1277
17556,1614000098,187700052,2.3664624691,0.202090203762,0,0,0,0.0569027509799,0.998379725821,1614000098.1877
17557,1614000098,247700052,2.39653158188,0.205632671714,0,0,0,0.0593738326603,0.998235817828,1614000098.2477
17558,1614000098,307700052,2.42640280724,0.209272161126,0,0,0,0.0613505000197,0.99811628388,1614000098.3077
17559,1614000098,367700052,2.45646691322,0.213042289019,0,0,0,0.0628325874708,0.998024080848,1614000098.3677
17560,1614000098,427700052,2.48645663261,0.216893702745,0,0,0,0.0636555743072,0.997971927391,1614000098.4277
17561,1614000098,487700052,2.51671981812,0.220379084349,0,0,0,0.0527834088308,0.998605984236,1614000098.4877
17562,1614000098,547700052,2.54619693756,0.222889527678,0,0,0,0.0374512426932,0.999298456128,1614000098.5477
17563,1614000098,607700052,2.57592988014,0.224411472678,0,0,0,0.0189766966242,0.999819926279,1614000098.6077
17564,1614000098,667700052,2.60614705086,0.224667310715,0,0,0,-0.00362988229923,0.999993411956,1614000098.6677
17565,1614000098,728325891,2.63644361496,0.223494723439,0,0,0,-0.0272249035791,0.999629333616,1614000098.72833
17566,1614000098,788325891,2.66656184196,0.220837786794,0,0,0,-0.052288424836,0.998632024636,1614000098.78833
17567,1614000098,848325891,2.69652867317,0.216998919845,0,0,0,-0.0676086155354,0.997711919897,1614000098.84833
17568,1614000098,908325891,2.72733926773,0.212561845779,0,0,0,-0.0732051954938,0.997316900164,1614000098.90833
17569,1614000098,968325891,2.75783777237,0.207882419229,0,0,0,-0.077154549159,0.997019145024,1614000098.96833
17570,1614000099,28325891,2.78812336922,0.203054219484,0,0,0,-0.0797863275524,0.996811989262,1614000099.02833
17571,1614000099,88325891,2.81834721565,0.198065251112,0,0,0,-0.0825833393596,0.996584162056,1614000099.08833
17572,1614000099,148325891,2.84845042229,0.192966669798,0,0,0,-0.0843912663115,0.99643269425,1614000099.14833
17573,1614000099,208325891,2.87803912163,0.187921851873,0,0,0,-0.0842268606371,0.996446604664,1614000099.20833
17574,1614000099,268325891,2.90768289566,0.182854115963,0,0,0,-0.0848865184708,0.9963906257,1614000099.26833
17575,1614000099,328325891,2.9371740818,0.177735880017,0,0,0,-0.0862016396712,0.996277710941,1614000099.32833
17576,1614000099,388325891,2.96649193764,0.172584176064,0,0,0,-0.0871872030035,0.996191945175,1614000099.38833
17577,1614000099,448325891,2.99658370018,0.167211428285,0,0,0,-0.0888314292152,0.996046674199,1614000099.44833
17578,1614000099,508325891,3.02640533447,0.161839440465,0,0,0,-0.0891594307418,0.996017367273,1614000099.50833
17579,1614000099,568325891,3.0564160347,0.15643003583,0,0,0,-0.0893244482412,0.996002581797,1614000099.56833
17580,1614000099,628325891,3.08592128754,0.15107139945,0,0,0,-0.0896531104937,0.995973051733,1614000099.62833
17581,1614000099,688325891,3.11546015739,0.145700067282,0,0,0,-0.0898167626987,0.995958306928,1614000099.68833
17582,1614000099,748325891,3.14507627487,0.140314564109,0,0,0,-0.0899817704041,0.995943412547,1614000099.74833
17583,1614000099,808325891,3.17484855652,0.134870320559,0,0,0,-0.090474730756,0.995898751427,1614000099.80833
17584,1614000099,868325891,3.2037923336,0.129577517509,0,0,0,-0.0901460929769,0.995928552619,1614000099.86833
17585,1614000099,928325891,3.2338719368,0.12406668067,0,0,0,-0.0906390533733,0.99588380949,1614000099.92833
17586,1614000099,988325891,3.26383590698,0.118515819311,0,0,0,-0.0916249000031,0.995793591915,1614000099.98833
17587,1614000100,48325891,3.29356861115,0.113021418452,0,0,0,-0.0908026834814,0.995868903357,1614000100.04833
17588,1614000100,108325891,3.32313728333,0.107573993504,0,0,0,-0.0911319841424,0.995838823036,1614000100.10833
17589,1614000100,168325891,3.35300588608,0.102064557374,0,0,0,-0.0911313089609,0.995838884824,1614000100.16833
17590,1614000100,228325891,3.38233137131,0.0966385155916,0,0,0,-0.0911319841424,0.995838823036,1614000100.22833
17591,1614000100,288325891,3.41200351715,0.091165214777,0,0,0,-0.0909676763609,0.995853845631,1614000100.28833
17592,1614000100,348325891,3.44129729271,0.0857618227601,0,0,0,-0.0911326667435,0.995838760569,1614000100.34833
17593,1614000100,408325891,3.4708211422,0.0803090780973,0,0,0,-0.0912962968625,0.995823772652,1614000100.40833
17594,1614000100,468325891,3.5010061264,0.07470010221,0,0,0,-0.0919535005855,0.99576330206,1614000100.46833
17595,1614000100,528325891,3.5304312706,0.0692256614566,0,0,0,-0.0914605996777,0.995808695838,1614000100.52833
17596,1614000100,588325891,3.56032848358,0.0637177303433,0,0,0,-0.0909683589723,0.995853783276,1614000100.58833
17597,1614000100,648325891,3.59005498886,0.0582174882293,0,0,0,-0.0916249000031,0.995793591915,1614000100.64833
17598,1614000100,708325891,3.61960887909,0.0527324676514,0,0,0,-0.0916249000031,0.995793591915,1614000100.70833
17599,1614000100,768325891,3.64903593063,0.0473111756146,0,0,0,-0.0908026834814,0.995868903357,1614000100.76833
17600,1614000100,828325891,3.67879509926,0.041835423559,0,0,0,-0.0909670011692,0.995853907307,1614000100.82833
17601,1614000100,888325891,3.70805191994,0.0364288277924,0,0,0,-0.0912956142717,0.995823835231,1614000100.88833
17602,1614000100,948325891,3.73792338371,0.0308915544301,0,0,0,-0.0916249000031,0.995793591915,1614000100.94833
17603,1614000101,8325891,3.76767277718,0.0253634825349,0,0,0,-0.0917891978342,0.995778460884,1614000101.00833
17604,1614000101,68325891,3.797560215,0.0198405086994,0,0,0,-0.0909670011692,0.995853907307,1614000101.06833
17605,1614000101,128325891,3.8272497654,0.0143370991573,0,0,0,-0.0917891978342,0.995778460884,1614000101.12833
17606,1614000101,188325891,3.85691618919,0.00883452314883,0,0,0,-0.0916249000031,0.995793591915,1614000101.18833
17607,1614000101,258131084,3.88622784615,0.0034144797828,0,0,0,-0.0909683589723,0.995853783276,1614000101.25813
17608,1614000101,318131084,3.91613984108,-0.00209617544897,0,0,0,-0.0911313089609,0.995838884824,1614000101.31813
17609,1614000101,378131084,3.94547152519,-0.00752996187657,0,0,0,-0.0914605996777,0.995808695838,1614000101.37813
17610,1614000101,438131084,3.97479152679,-0.012944904156,0,0,0,-0.0911319841424,0.995838823036,1614000101.43813
17611,1614000101,498131084,4.00489711761,-0.0185117423534,0,0,0,-0.0914605996777,0.995808695838,1614000101.49813
17612,1614000101,558131084,4.03456878662,-0.0240288302302,0,0,0,-0.0916249000031,0.995793591915,1614000101.55813
17613,1614000101,618131084,4.06434965134,-0.0295391138643,0,0,0,-0.0912962968625,0.995823772652,1614000101.61813
17614,1614000101,678131084,4.09386444092,-0.0350000672042,0,0,0,-0.0911319841424,0.995838823036,1614000101.67813
17615,1614000101,738131084,4.12370157242,-0.0405274517834,0,0,0,-0.0916255825732,0.99579352911,1614000101.73813
17616,1614000101,798131084,4.15336465836,-0.0460090711713,0,0,0,-0.0911319841424,0.995838823036,1614000101.79813
17617,1614000101,858131084,4.18288850784,-0.0514649562538,0,0,0,-0.0912962968625,0.995823772652,1614000101.85813
17618,1614000101,918131084,4.21197938919,-0.0568243190646,0,0,0,-0.0909676763609,0.995853845631,1614000101.91813
17619,1614000101,978131084,4.24205112457,-0.0623781979084,0,0,0,-0.0914605996777,0.995808695838,1614000101.97813
17620,1614000102,38131084,4.27188396454,-0.0679252594709,0,0,0,-0.0919535005855,0.99576330206,1614000102.03813
17621,1614000102,98131084,4.30169296265,-0.0734405815601,0,0,0,-0.0911326667435,0.995838760569,1614000102.09813
17622,1614000102,158131084,4.33133459091,-0.0789250433445,0,0,0,-0.0914605996777,0.995808695838,1614000102.15813
17623,1614000102,218131084,4.36116409302,-0.0844511017203,0,0,0,-0.0916255825732,0.99579352911,1614000102.21813
17624,1614000102,278131084,4.39040231705,-0.0898775458336,0,0,0,-0.0912962968625,0.995823772652,1614000102.27813
17625,1614000102,338131084,4.42002677917,-0.0953318625689,0,0,0,-0.0906390533733,0.99588380949,1614000102.33813
17626,1614000102,398131084,4.44948148727,-0.100765064359,0,0,0,-0.0911319841424,0.995838823036,1614000102.39813
17627,1614000102,458131084,4.47897005081,-0.106214612722,0,0,0,-0.0914605996777,0.995808695838,1614000102.45813
17628,1614000102,518131084,4.50895261765,-0.11177586019,0,0,0,-0.0916249000031,0.995793591915,1614000102.51813
17629,1614000102,578131084,4.5384221077,-0.117245242,0,0,0,-0.0912956142717,0.995823835231,1614000102.57813
17630,1614000102,638131084,4.56844472885,-0.122783102095,0,0,0,-0.0912962968625,0.995823772652,1614000102.63813
17631,1614000102,698131084,4.59815454483,-0.128290355206,0,0,0,-0.0912962968625,0.995823772652,1614000102.69813
17632,1614000102,758131084,4.62767457962,-0.133762389421,0,0,0,-0.0914605996777,0.995808695838,1614000102.75813
17633,1614000102,818131084,4.65729761124,-0.139223128557,0,0,0,-0.0908033661031,0.995868841115,1614000102.81813
17634,1614000102,878131084,4.68709659576,-0.144719779491,0,0,0,-0.0911326667435,0.995838760569,1614000102.87813
17635,1614000102,938131084,4.71607780457,-0.150085434318,0,0,0,-0.0912962968625,0.995823772652,1614000102.93813
17636,1614000102,998131084,4.74586725235,-0.155593752861,0,0,0,-0.0912956142717,0.995823835231,1614000102.99813
17637,1614000103,58131084,4.77570295334,-0.161127671599,0,0,0,-0.0917891978342,0.995778460884,1614000103.05813
17638,1614000103,118131084,4.80567216873,-0.166679605842,0,0,0,-0.0912962968625,0.995823772652,1614000103.11813
17639,1614000103,178131084,4.83519268036,-0.172148451209,0,0,0,-0.0914605996777,0.995808695838,1614000103.17813
17640,1614000103,238131084,4.86498260498,-0.177653551102,0,0,0,-0.0914605996777,0.995808695838,1614000103.23813
17641,1614000103,298131084,4.89437818527,-0.183092460036,0,0,0,-0.0911319841424,0.995838823036,1614000103.29813
17642,1614000103,358131084,4.92413282394,-0.188591092825,0,0,0,-0.0912962968625,0.995823772652,1614000103.35813
17643,1614000103,418131084,4.95338153839,-0.194002896547,0,0,0,-0.0912962968625,0.995823772652,1614000103.41813
17644,1614000103,478131084,4.98278045654,-0.199422389269,0,0,0,-0.0909676763609,0.995853845631,1614000103.47813
17645,1614000103,538131084,5.01301050186,-0.205022513866,0,0,0,-0.0917891978342,0.995778460884,1614000103.53813
17646,1614000103,598131084,5.04267406464,-0.210541367531,0,0,0,-0.0916249000031,0.995793591915,1614000103.59813
17647,1614000103,658131084,5.0724978447,-0.216056123376,0,0,0,-0.0914605996777,0.995808695838,1614000103.65813
17648,1614000103,718131084,5.10220098495,-0.221555382013,0,0,0,-0.0911326667435,0.995838760569,1614000103.71813
17649,1614000103,772946901,5.13181018829,-0.227060839534,0,0,0,-0.0919548582651,0.995763176685,1614000103.77295
17650,1614000103,832946901,5.16123867035,-0.232512608171,0,0,0,-0.0914605996777,0.995808695838,1614000103.83295
17651,1614000103,892946901,5.19083213806,-0.237981453538,0,0,0,-0.0912976546246,0.995823648173,1614000103.89295
17652,1614000103,952946901,5.22000455856,-0.243375733495,0,0,0,-0.0912962968625,0.995823772652,1614000103.95295
17653,1614000104,12946901,5.2500667572,-0.248938068748,0,0,0,-0.0914605996777,0.995808695838,1614000104.01295
17654,1614000104,72946901,5.27974414825,-0.254466354847,0,0,0,-0.0919535005855,0.99576330206,1614000104.07295
17655,1614000104,132946901,5.30828285217,-0.259746849537,0,0,0,-0.0912962968625,0.995823772652,1614000104.13295
17656,1614000104,192946901,5.33287096024,-0.264309704304,0,0,0,-0.0917905555345,0.995778335733,1614000104.19295
17657,1614000104,252946901,5.35216188431,-0.267894387245,0,0,0,-0.0917891978342,0.995778460884,1614000104.25295
17658,1614000104,312946901,5.36497020721,-0.270271033049,0,0,0,-0.0917891978342,0.995778460884,1614000104.31295
17659,1614000104,372946901,5.37176084518,-0.271532654762,0,0,0,-0.0917878401337,0.995778586034,1614000104.37295
17660,1614000104,432946901,5.37360525131,-0.271874547005,0,0,0,-0.0914605996777,0.995808695838,1614000104.43295
17661,1614000104,492946901,5.37193441391,-0.271566808224,0,0,0,-0.0909676763609,0.995853845631,1614000104.49295
17662,1614000104,552946901,5.36595678329,-0.270464092493,0,0,0,-0.0911319841424,0.995838823036,1614000104.55295
17663,1614000104,612946901,5.35463809967,-0.268380790949,0,0,0,-0.0906376955292,0.995883933071,1614000104.61295
17664,1614000104,672946901,5.33726072311,-0.265201300383,0,0,0,-0.0903104130957,0.995913665579,1614000104.67295
17665,1614000104,732946901,5.3141002655,-0.260966002941,0,0,0,-0.0903117709803,0.995913542444,1614000104.73295
17666,1614000104,792946901,5.2857003212,-0.255753189325,0,0,0,-0.0906376955292,0.995883933071,1614000104.79295
17667,1614000104,852946901,5.25447463989,-0.250079035759,0,0,0,-0.0893230902352,0.996002703586,1614000104.85295
17668,1614000104,912946901,5.22248792648,-0.244258865714,0,0,0,-0.0901460929769,0.995928552619,1614000104.91295
17669,1614000104,972946901,5.1910533905,-0.238542765379,0,0,0,-0.0898160800157,0.995958368493,1614000104.97295
17670,1614000105,32946901,5.16091632843,-0.233035236597,0,0,0,-0.0903097378634,0.995913726809,1614000105.03295
17671,1614000105,92946901,5.13077449799,-0.227509692311,0,0,0,-0.0904740555338,0.995898812769,1614000105.09295
17672,1614000105,152946901,5.10141801834,-0.222168132663,0,0,0,-0.0898174379612,0.995958246031,1614000105.15295
17673,1614000105,212946901,5.07207679749,-0.216829285026,0,0,0,-0.0898187959066,0.995958123568,1614000105.21295
17674,1614000105,272946901,5.04290676117,-0.211505100131,0,0,0,-0.0904754133982,0.995898689411,1614000105.27295
17675,1614000105,332946901,5.01327848434,-0.206104129553,0,0,0,-0.0896531104937,0.995973051733,1614000105.33295
17676,1614000105,392946901,4.9837012291,-0.200745910406,0,0,0,-0.0896524352211,0.995973112518,1614000105.39295
17677,1614000105,452946901,4.95392036438,-0.195350795984,0,0,0,-0.0891607887678,0.996017245707,1614000105.45295
17678,1614000105,512946901,4.92431545258,-0.189987510443,0,0,0,-0.0896524352211,0.995973112518,1614000105.51295
17679,1614000105,572946901,4.89417409897,-0.184503003955,0,0,0,-0.0901460929769,0.995928552619,1614000105.57295
17680,1614000105,632946901,4.8643989563,-0.179071590304,0,0,0,-0.0896531104937,0.995973051733,1614000105.63295
17681,1614000105,692946901,4.83486557007,-0.173707962036,0,0,0,-0.0898174379612,0.995958246031,1614000105.69295
17682,1614000105,752946901,4.80524635315,-0.168338865042,0,0,0,-0.0896531104937,0.995973051733,1614000105.75295
17683,1614000105,812946901,4.77580356598,-0.162961468101,0,0,0,-0.0901460929769,0.995928552619,1614000105.81295
17684,1614000105,872946901,4.7461681366,-0.157599464059,0,0,0,-0.0893237655278,0.996002643025,1614000105.87295
17685,1614000105,932946901,4.71663427353,-0.152242362499,0,0,0,-0.0894887805855,0.995987830322,1614000105.93295
17686,1614000105,992946901,4.68673658371,-0.146849870682,0,0,0,-0.0891594307418,0.996017367273,1614000105.99295
17687,1614000106,52946901,4.65713167191,-0.141486674547,0,0,0,-0.0896531104937,0.995973051733,1614000106.05295
17688,1614000106,112946901,4.62706851959,-0.136009782553,0,0,0,-0.0901454103143,0.995928614409,1614000106.11295
17689,1614000106,172946901,4.59755516052,-0.130656391382,0,0,0,-0.0894887805855,0.995987830322,1614000106.17295
17690,1614000106,228705902,4.56785726547,-0.125283032656,0,0,0,-0.0893237655278,0.996002643025,1614000106.22871
17691,1614000106,288705902,4.53849363327,-0.119950279593,0,0,0,-0.0901454103143,0.995928614409,1614000106.28871
17692,1614000106,348705902,4.50898170471,-0.114587172866,0,0,0,-0.0894887805855,0.995987830322,1614000106.34871
17693,1614000106,408705902,4.47929048538,-0.109218426049,0,0,0,-0.0896531104937,0.995973051733,1614000106.40871
17694,1614000106,468705902,4.44942855835,-0.103825561702,0,0,0,-0.0891594307418,0.996017367273,1614000106.46871
17695,1614000106,528705902,4.4198141098,-0.0984740629792,0,0,0,-0.0893244482412,0.996002581797,1614000106.52871
17696,1614000106,588705902,4.38983488083,-0.0930190011859,0,0,0,-0.0901467682193,0.995928491499,1614000106.58871
17697,1614000106,648705902,4.36016988754,-0.0876212269068,0,0,0,-0.0894874225996,0.995987952335,1614000106.64871
17698,1614000106,708705902,4.3304476738,-0.0822232067585,0,0,0,-0.0898167626987,0.995958306928,1614000106.70871
17699,1614000106,768705902,4.30090713501,-0.0768615454435,0,0,0,-0.0896531104937,0.995973051733,1614000106.76871
17700,1614000106,828705902,4.27157354355,-0.071520768106,0,0,0,-0.0899824456565,0.995943351538,1614000106.82871
17701,1614000106,888705902,4.24189376831,-0.0661640837789,0,0,0,-0.0889957688411,0.996032004068,1614000106.88871
17702,1614000106,948705902,4.21228027344,-0.0608093179762,0,0,0,-0.0891594307418,0.996017367273,1614000106.94871
17703,1614000107,8705902,4.18258905411,-0.0554438307881,0,0,0,-0.0893244482412,0.996002581797,1614000107.00871
17704,1614000107,68705902,4.15290880203,-0.0500600263476,0,0,0,-0.0898167626987,0.995958306928,1614000107.06871
17705,1614000107,128705902,4.12277173996,-0.0445558577776,0,0,0,-0.0903097378634,0.995913726809,1614000107.12871
17706,1614000107,188705902,4.09318256378,-0.0391786620021,0,0,0,-0.0896531104937,0.995973051733,1614000107.18871
17707,1614000107,248705902,4.06356525421,-0.0337997153401,0,0,0,-0.0894880978822,0.995987891662,1614000107.24871
17708,1614000107,308705902,4.03404092789,-0.0284342747182,0,0,0,-0.0899817704041,0.995943412547,1614000107.30871
17709,1614000107,368705902,4.00440645218,-0.0230624526739,0,0,0,-0.0891594307418,0.996017367273,1614000107.36871
17710,1614000107,428705902,3.9749557972,-0.0177305191755,0,0,0,-0.0896531104937,0.995973051733,1614000107.42871
17711,1614000107,488705902,3.94513869286,-0.0123322363943,0,0,0,-0.0893230902352,0.996002703586,1614000107.48871
17712,1614000107,548705902,3.91549253464,-0.00695482688025,0,0,0,-0.0896517525279,0.99597317397,1614000107.54871
17713,1614000107,608705902,3.88539505005,-0.00147145660594,0,0,0,-0.0903110957481,0.995913603675,1614000107.60871
17714,1614000107,668705902,3.85580825806,0.00391890946776,0,0,0,-0.0896524352211,0.995973112518,1614000107.66871
17715,1614000107,728705902,3.82615542412,0.00930090714246,0,0,0,-0.0896524352211,0.995973112518,1614000107.72871
17716,1614000107,788705902,3.79650211334,0.0146796526387,0,0,0,-0.0896531104937,0.995973051733,1614000107.78871
17717,1614000107,848705902,3.76704907417,0.0200421512127,0,0,0,-0.0898167626987,0.995958306928,1614000107.84871
17718,1614000107,908705902,3.73764300346,0.0253493785858,0,0,0,-0.0889950935286,0.996032064407,1614000107.90871
17719,1614000107,968705902,3.70795083046,0.0307149067521,0,0,0,-0.0891601060443,0.996017306823,1614000107.96871
17720,1614000108,28705902,3.6781475544,0.0361038967967,0,0,0,-0.0894880978822,0.995987891662,1614000108.02871
17721,1614000108,88705902,3.64846754074,0.0414909496903,0,0,0,-0.0899817704041,0.995943412547,1614000108.08871
17722,1614000108,148705902,3.61844325066,0.046981304884,0,0,0,-0.0903097378634,0.995913726809,1614000108.14871
17723,1614000108,208705902,3.5888197422,0.0523681119084,0,0,0,-0.0898174379612,0.995958246031,1614000108.20871
17724,1614000108,268705902,3.55908298492,0.0577687807381,0,0,0,-0.0894887805855,0.995987830322,1614000108.26871
17725,1614000108,328705902,3.52967905998,0.0631189718843,0,0,0,-0.0901460929769,0.995928552619,1614000108.32871
17726,1614000108,388705902,3.50019097328,0.0684577599168,0,0,0,-0.0889957688411,0.996032004068,1614000108.38871
17727,1614000108,448705902,3.47058463097,0.0738111510873,0,0,0,-0.0894887805855,0.995987830322,1614000108.44871
17728,1614000108,508705902,3.44069623947,0.0792155638337,0,0,0,-0.0894880978822,0.995987891662,1614000108.50871
17729,1614000108,568705902,3.41120529175,0.0845682322979,0,0,0,-0.0898167626987,0.995958306928,1614000108.56871
17730,1614000108,628705902,3.38114356995,0.090048506856,0,0,0,-0.0903104130957,0.995913665579,1614000108.62871
17731,1614000108,688705902,3.35140156746,0.0954637601972,0,0,0,-0.0896524352211,0.995973112518,1614000108.68871
17732,1614000108,748660116,3.32186937332,0.100830577314,0,0,0,-0.0898167626987,0.995958306928,1614000108.74866
17733,1614000108,808660116,3.29229331017,0.106195278466,0,0,0,-0.0898174379612,0.995958246031,1614000108.80866
17734,1614000108,868660116,3.26283168793,0.111552625895,0,0,0,-0.0896524352211,0.995973112518,1614000108.86866
17735,1614000108,928660116,3.23328900337,0.116901211441,0,0,0,-0.0894880978822,0.995987891662,1614000108.92866
17736,1614000108,988660116,3.20375561714,0.122261561453,0,0,0,-0.0896524352211,0.995973112518,1614000108.98866
17737,1614000109,48660116,3.17398118973,0.127652153373,0,0,0,-0.0894887805855,0.995987830322,1614000109.04866
17738,1614000109,108660116,3.14414668083,0.133067220449,0,0,0,-0.0899824456565,0.995943351538,1614000109.10866
17739,1614000109,168660116,3.11407995224,0.138565406203,0,0,0,-0.0901454103143,0.995928614409,1614000109.16866
17740,1614000109,228660116,3.08457541466,0.14392721653,0,0,0,-0.0898174379612,0.995958246031,1614000109.22866
17741,1614000109,288660116,3.05491566658,0.14931049943,0,0,0,-0.0894887805855,0.995987830322,1614000109.28866
17742,1614000109,348660116,3.02539205551,0.154682442546,0,0,0,-0.0899817704041,0.995943412547,1614000109.34866
17743,1614000109,408660116,2.995844841,0.160048678517,0,0,0,-0.0894880978822,0.995987891662,1614000109.40866
17744,1614000109,468660116,2.96638774872,0.165388479829,0,0,0,-0.0896531104937,0.995973051733,1614000109.46866
17745,1614000109,528660116,2.9365708828,0.17078666389,0,0,0,-0.0893237655278,0.996002643025,1614000109.52866
17746,1614000109,588660116,2.90692329407,0.176157593727,0,0,0,-0.0896517525279,0.99597317397,1614000109.58866
17747,1614000109,648660116,2.87690448761,0.18163344264,0,0,0,-0.0903110957481,0.995913603675,1614000109.64866
17748,1614000109,708660116,2.84731650352,0.18701723218,0,0,0,-0.0896517525279,0.99597317397,1614000109.70866
17749,1614000109,768660116,2.81770610809,0.192391589284,0,0,0,-0.0898174379612,0.995958246031,1614000109.76866
17750,1614000109,828660116,2.78805398941,0.197776839137,0,0,0,-0.0898181206442,0.995958184466,1614000109.82866
17751,1614000109,888660116,2.75859284401,0.203137427568,0,0,0,-0.0896524352211,0.995973112518,1614000109.88866
17752,1614000109,948660116,2.72904014587,0.208474457264,0,0,0,-0.0891601060443,0.996017306823,1614000109.94866
17753,1614000110,8660116,2.69931578636,0.21385936439,0,0,0,-0.0894887805855,0.995987830322,1614000110.00866
17754,1614000110,68660116,2.66950702667,0.219259530306,0,0,0,-0.0894887805855,0.995987830322,1614000110.06866
17755,1614000110,128660116,2.63998246193,0.224625021219,0,0,0,-0.0899810877312,0.995943474225,1614000110.12866
17756,1614000110,188660116,2.60983753204,0.23013061285,0,0,0,-0.0901454103143,0.995928614409,1614000110.18866
17757,1614000110,248660116,2.58017921448,0.23552377522,0,0,0,-0.0898174379612,0.995958246031,1614000110.24866
17758,1614000110,308660116,2.55077052116,0.240918248892,0,0,0,-0.0916249000031,0.995793591915,1614000110.30866
17759,1614000110,368660116,2.52228021622,0.246607854962,0,0,0,-0.102957518009,0.994685754138,1614000110.36866
17760,1614000110,428660116,2.49438142776,0.253051519394,0,0,0,-0.118866166289,0.992910285228,1614000110.42866
17761,1614000110,488660116,2.4666891098,0.260508984327,0,0,0,-0.137850678134,0.990453022883,1614000110.48866
17762,1614000110,548660116,2.43901371956,0.269318550825,0,0,0,-0.161346386211,0.986897838511,1614000110.54866
17763,1614000110,608660116,2.41165471077,0.279538869858,0,0,0,-0.186209152174,0.982510128012,1614000110.60866
17764,1614000110,668660116,2.38445162773,0.291343063116,0,0,0,-0.21192217286,0.977286545825,1614000110.66866
17765,1614000110,728660116,2.35814929008,0.304441094398,0,0,0,-0.237329332044,0.971429250204,1614000110.72866
17766,1614000110,788660116,2.33205223083,0.319254636765,0,0,0,-0.264325991046,0.964433393479,1614000110.78866
17767,1614000110,848660116,2.30724859238,0.335077822208,0,0,0,-0.287799494221,0.957690686561,1614000110.84866
17768,1614000110,908660116,2.28337430954,0.352070897818,0,0,0,-0.312669659301,0.949861928994,1614000110.90866
17769,1614000110,968660116,2.26037573814,0.370333641768,0,0,0,-0.337947838119,0.941164841412,1614000110.96866
17770,1614000111,28660116,2.23808598518,0.390136778355,0,0,0,-0.363908367549,0.9314347535,1614000111.02866
17771,1614000111,88660116,2.21658563614,0.411421835423,0,0,0,-0.387763982964,0.921758695927,1614000111.08866
17772,1614000111,148660116,2.19582366943,0.433499783278,0,0,0,-0.399898906647,0.91655925311,1614000111.14866
17773,1614000111,208660116,2.1749651432,0.4563562572,0,0,0,-0.405336635948,0.914167496446,1614000111.20866
17774,1614000111,269244947,2.15456485748,0.479083955288,0,0,0,-0.408050447832,0.912959381366,1614000111.26924
17775,1614000111,329244947,2.13437438011,0.501798450947,0,0,0,-0.41045948855,0.911878834199,1614000111.32924
17776,1614000111,389244947,2.11419534683,0.524742782116,0,0,0,-0.412565083103,0.910928126805,1614000111.38925
17777,1614000111,449244947,2.09413123131,0.547703564167,0,0,0,-0.414067801451,0.910246041354,1614000111.44925
17778,1614000111,509244947,2.0743367672,0.570492446423,0,0,0,-0.415269240312,0.909698553396,1614000111.50924
17779,1614000111,569244947,2.05467677116,0.593247354031,0,0,0,-0.416319627824,0.909218327735,1614000111.56924
17780,1614000111,629244947,2.03520774841,0.615856230259,0,0,0,-0.417369784983,0.908736739976,1614000111.62925
17781,1614000111,689244947,2.01614499092,0.638552963734,0,0,0,-0.426197703879,0.904630044387,1614000111.68925
17782,1614000111,749244947,1.99836528301,0.661007165909,0,0,0,-0.440326854903,0.897837547027,1614000111.74924
17783,1614000111,809244947,1.98142540455,0.683981895447,0,0,0,-0.456551733918,0.889696866498,1614000111.80924
17784,1614000111,869244947,1.96529197693,0.707928299904,0,0,0,-0.476547966599,0.879148471835,1614000111.86925
17785,1614000111,929244947,1.95005762577,0.73312163353,0,0,0,-0.498591337227,0.866837169509,1614000111.92925
17786,1614000111,989244947,1.9360024929,0.759393811226,0,0,0,-0.521724887895,0.853113791561,1614000111.98924
17787,1614000112,49244947,1.92317414284,0.786438286304,0,0,0,-0.539488667175,0.841992861009,1614000112.04924
17788,1614000112,109244947,1.91093182564,0.813803911209,0,0,0,-0.545311370742,0.83823356467,1614000112.10925
17789,1614000112,169244947,1.89863669872,0.842092037201,0,0,0,-0.549592756208,0.835432703647,1614000112.16925
17790,1614000112,229244947,1.88663995266,0.870224237442,0,0,0,-0.551934223766,0.833887649888,1614000112.22924
17791,1614000112,289244947,1.87483906746,0.898246884346,0,0,0,-0.55358419427,0.832793215543,1614000112.28924
17792,1614000112,349244947,1.86322176456,0.926099300385,0,0,0,-0.554957776654,0.83187851645,1614000112.34924
17793,1614000112,409244947,1.85171461105,0.953980982304,0,0,0,-0.556878459978,0.830593992762,1614000112.40925
17794,1614000112,469244947,1.84011292458,0.982464373112,0,0,0,-0.558659289636,0.829397249877,1614000112.46924
17795,1614000112,529244947,1.82934641838,1.00980508327,0,0,0,-0.566027830789,0.824386132084,1614000112.52924
17796,1614000112,589244947,1.81964755058,1.03672945499,0,0,0,-0.579689114548,0.814837732604,1614000112.58924
17797,1614000112,649244947,1.81098365784,1.06403696537,0,0,0,-0.5962404122,0.802805935989,1614000112.64924
17798,1614000112,709244947,1.80348241329,1.09167063236,0,0,0,-0.613064180745,0.790033107083,1614000112.70924
17799,1614000112,769244947,1.79714524746,1.1200145483,0,0,0,-0.631662933185,0.775243148206,1614000112.76924
17800,1614000112,829244947,1.79221820831,1.149117589,0,0,0,-0.652410432643,0.757865837321,1614000112.82924
17801,1614000112,889244947,1.78893685341,1.17827856541,0,0,0,-0.673168166292,0.7394894319,1614000112.88925
17802,1614000112,949244947,1.78715109825,1.20785844326,0,0,0,-0.691741927007,0.722144796021,1614000112.94925
17803,1614000113,9244947,1.78691387177,1.23727571964,0,0,0,-0.710450107051,0.70374757221,1614000113.00925
17804,1614000113,69244947,1.78826546669,1.26711153984,0,0,0,-0.729346694551,0.684144282405,1614000113.06925
17805,1614000113,129244947,1.79117870331,1.29672396183,0,0,0,-0.74638623082,0.665513031009,1614000113.12925
17806,1614000113,189244947,1.79556596279,1.32584905624,0,0,0,-0.763696438128,0.645575518736,1614000113.18925
17807,1614000113,249244947,1.80156576633,1.35552835464,0,0,0,-0.77830249515,0.62788950146,1614000113.24925
17808,1614000113,309244947,1.80850768089,1.38546562195,0,0,0,-0.784583646673,0.620022984553,1614000113.30925
17809,1614000113,369244947,1.81596362591,1.41583633423,0,0,0,-0.787846721043,0.615871369803,1614000113.36925
17810,1614000113,429244947,1.82344138622,1.44531404972,0,0,0,-0.789976564321,0.613137038371,1614000113.42925
17811,1614000113,489244947,1.83109986782,1.47476863861,0,0,0,-0.791491817332,0.611179763324,1614000113.48925
17812,1614000113,549244947,1.83883070946,1.50401306152,0,0,0,-0.792700550415,0.609611218214,1614000113.54924
17813,1614000113,609244947,1.84665131569,1.53311574459,0,0,0,-0.793805665046,0.608171494021,1614000113.60925
17814,1614000113,669244947,1.85459208488,1.56231963634,0,0,0,-0.794607943269,0.607122900651,1614000113.66925
17815,1614000113,729244947,1.86263084412,1.59175634384,0,0,0,-0.795008653422,0.60659808851,1614000113.72925
17816,1614000113,789418983,1.87056922913,1.62065088749,0,0,0,-0.795408836331,0.606073248944,1614000113.78942
17817,1614000113,849418983,1.87866401672,1.64984917641,0,0,0,-0.79630804388,0.604891311933,1614000113.84942
17818,1614000113,909418983,1.88670706749,1.67877495289,0,0,0,-0.796208342839,0.605022540732,1614000113.90942
17819,1614000113,969418983,1.89473044872,1.70751988888,0,0,0,-0.796707208099,0.604365472677,1614000113.96942
17820,1614000114,29418983,1.902957201,1.73690450191,0,0,0,-0.797106097064,0.603839274992,1614000114.02942
17821,1614000114,89418983,1.91119801998,1.76603281498,0,0,0,-0.797703491274,0.603049865276,1614000114.08942
17822,1614000114,149418983,1.91944205761,1.79514694214,0,0,0,-0.797603985839,0.603181466703,1614000114.14942
17823,1614000114,209418983,1.92781960964,1.82475721836,0,0,0,-0.797404945808,0.603444572766,1614000114.20942
17824,1614000114,269418983,1.93585574627,1.85323286057,0,0,0,-0.797404837904,0.603444715353,1614000114.26942
17825,1614000114,329418983,1.94397187233,1.88196742535,0,0,0,-0.797504386773,0.60331314678,1614000114.32942
17826,1614000114,389418983,1.95215177536,1.91089177132,0,0,0,-0.797504458694,0.60331305171,1614000114.38942
17827,1614000114,449418983,1.96029448509,1.93974494934,0,0,0,-0.797504350813,0.603313194315,1614000114.44942
17828,1614000114,509418983,1.96857190132,1.96891546249,0,0,0,-0.797803046868,0.60291815233,1614000114.50942
17829,1614000114,569418983,1.97682452202,1.99787735939,0,0,0,-0.798399457069,0.60212814828,1614000114.56942
17830,1614000114,629418983,1.98507332802,2.02678990364,0,0,0,-0.798200764497,0.602391516836,1614000114.62942
17831,1614000114,689418983,1.99337172508,2.05588841438,0,0,0,-0.798101367674,0.602523200315,1614000114.68942
17832,1614000114,749418983,2.00171327591,2.08517479897,0,0,0,-0.798101331761,0.602523247885,1614000114.74942
17833,1614000114,809418983,2.00989031792,2.11390757561,0,0,0,-0.797802974994,0.602918247435,1614000114.80942
17834,1614000114,869418983,2.01784920692,2.14186310768,0,0,0,-0.798101403587,0.602523152744,1614000114.86942
17835,1614000114,929418983,2.0246360302,2.16567206383,0,0,0,-0.798200728592,0.602391564413,1614000114.92942
17836,1614000114,989418983,2.02994036674,2.1841673851,0,0,0,-0.798896077147,0.601469083096,1614000114.98942
17837,1614000115,49418983,2.03356385231,2.19676303864,0,0,0,-0.798896148847,0.60146898786,1614000115.04942
17838,1614000115,109418983,2.03559494019,2.20381093025,0,0,0,-0.79899537173,0.601337173268,1614000115.10942
17839,1614000115,169418983,2.0362033844,2.20592236519,0,0,0,-0.79899537173,0.601337173268,1614000115.16942
17840,1614000115,229418983,2.03623700142,2.20603919029,0,0,0,-0.798896148847,0.60146898786,1614000115.22942
17841,1614000115,289418983,2.03623700142,2.20603919029,0,0,0,-0.798896148847,0.60146898786,1614000115.28942
17842,1614000115,349418983,2.03623700142,2.20603919029,0,0,0,-0.798896148847,0.60146898786,1614000115.34942
17843,1614000115,409418983,2.03623700142,2.20603919029,0,0,0,-0.798896148847,0.60146898786,1614000115.40942
17844,1614000115,469418983,2.03623700142,2.20603919029,0,0,0,-0.798896148847,0.60146898786,1614000115.46942
17845,1614000115,529418983,2.03623700142,2.20603919029,0,0,0,-0.798896148847,0.60146898786,1614000115.52942
17846,1614000115,589418983,2.03623700142,2.20603919029,0,0,0,-0.798896148847,0.60146898786,1614000115.58942
17847,1614000115,649418983,2.03623700142,2.20603919029,0,0,0,-0.798896148847,0.60146898786,1614000115.64942
17848,1614000115,709418983,2.03623700142,2.20603919029,0,0,0,-0.798896148847,0.60146898786,1614000115.70942
17849,1614000115,769418983,2.03623700142,2.20603919029,0,0,0,-0.798896148847,0.60146898786,1614000115.76942
17850,1614000115,829418983,2.03623700142,2.20603919029,0,0,0,-0.798896148847,0.60146898786,1614000115.82942
17851,1614000115,889418983,2.03623700142,2.20603919029,0,0,0,-0.798896148847,0.60146898786,1614000115.88942
17852,1614000115,949418983,2.03623700142,2.20603919029,0,0,0,-0.798896148847,0.60146898786,1614000115.94942
17853,1614000116,9418983,2.03623700142,2.20603919029,0,0,0,-0.798896148847,0.60146898786,1614000116.00942
17854,1614000116,69418983,2.03623700142,2.20603919029,0,0,0,-0.798896148847,0.60146898786,1614000116.06942
17855,1614000116,129418983,2.03623700142,2.20603919029,0,0,0,-0.798896148847,0.60146898786,1614000116.12942
17856,1614000116,189418983,2.03623700142,2.20603919029,0,0,0,-0.798896148847,0.60146898786,1614000116.18942
17857,1614000116,249418983,2.03623700142,2.20603919029,0,0,0,-0.798896148847,0.60146898786,1614000116.24942
17858,1614000116,316942987,2.03623700142,2.20603919029,0,0,0,-0.798896148847,0.60146898786,1614000116.31694
17859,1614000116,376942987,2.03623700142,2.20603919029,0,0,0,-0.798896148847,0.60146898786,1614000116.37694
17860,1614000116,436942987,2.03623700142,2.20603919029,0,0,0,-0.798896148847,0.60146898786,1614000116.43694
17861,1614000116,496942987,2.03623700142,2.20603919029,0,0,0,-0.798896148847,0.60146898786,1614000116.49694
17862,1614000116,556942987,2.03623700142,2.20603919029,0,0,0,-0.798896148847,0.60146898786,1614000116.55694
17863,1614000116,616942987,2.03623700142,2.20603919029,0,0,0,-0.798896148847,0.60146898786,1614000116.61694
17864,1614000116,676942987,2.03623700142,2.20603919029,0,0,0,-0.798896148847,0.60146898786,1614000116.67694
17865,1614000116,736942987,2.03623700142,2.20603919029,0,0,0,-0.798896148847,0.60146898786,1614000116.73694
17866,1614000116,796942987,2.03623700142,2.20603919029,0,0,0,-0.798896148847,0.60146898786,1614000116.79694
17867,1614000116,856942987,2.03623700142,2.20603919029,0,0,0,-0.798896148847,0.60146898786,1614000116.85694
17868,1614000116,916942987,2.03623700142,2.20603919029,0,0,0,-0.798896148847,0.60146898786,1614000116.91694
17869,1614000116,976942987,2.03623700142,2.20603919029,0,0,0,-0.798896148847,0.60146898786,1614000116.97694
17870,1614000117,36942987,2.03623700142,2.20603919029,0,0,0,-0.798896148847,0.60146898786,1614000117.03694
17871,1614000117,96942987,2.03623700142,2.20603919029,0,0,0,-0.798896148847,0.60146898786,1614000117.09694
17872,1614000117,156942987,2.03623700142,2.20603919029,0,0,0,-0.798896148847,0.60146898786,1614000117.15694
17873,1614000117,216942987,2.03623700142,2.20603919029,0,0,0,-0.798896148847,0.60146898786,1614000117.21694
17874,1614000117,276942987,2.03623700142,2.20603919029,0,0,0,-0.798896148847,0.60146898786,1614000117.27694
17875,1614000117,336942987,2.03623700142,2.20603919029,0,0,0,-0.798896148847,0.60146898786,1614000117.33694
17876,1614000117,396942987,2.03623700142,2.20603919029,0,0,0,-0.798896148847,0.60146898786,1614000117.39694
17877,1614000117,456942987,2.03623700142,2.20603919029,0,0,0,-0.798896148847,0.60146898786,1614000117.45694
17878,1614000117,516942987,2.03623700142,2.20603919029,0,0,0,-0.798896148847,0.60146898786,1614000117.51694
17879,1614000117,576942987,2.03623700142,2.20603919029,0,0,0,-0.798896148847,0.60146898786,1614000117.57694
17880,1614000117,636942987,2.03623700142,2.20603919029,0,0,0,-0.798896148847,0.60146898786,1614000117.63694
17881,1614000117,696942987,2.03623700142,2.20603919029,0,0,0,-0.798896148847,0.60146898786,1614000117.69694
17882,1614000117,756942987,2.03623700142,2.20603919029,0,0,0,-0.798896148847,0.60146898786,1614000117.75694
17883,1614000117,816942987,2.03623700142,2.20603919029,0,0,0,-0.798896148847,0.60146898786,1614000117.81694
17884,1614000117,876942987,2.03623700142,2.20603919029,0,0,0,-0.798896148847,0.60146898786,1614000117.87694
17885,1614000117,936942987,2.03623700142,2.20603919029,0,0,0,-0.798896148847,0.60146898786,1614000117.93694
17886,1614000117,996942987,2.03623700142,2.20603919029,0,0,0,-0.798896148847,0.60146898786,1614000117.99694
17887,1614000118,56942987,2.03623700142,2.20603919029,0,0,0,-0.798896148847,0.60146898786,1614000118.05694
17888,1614000118,116942987,2.03623700142,2.20603919029,0,0,0,-0.798896148847,0.60146898786,1614000118.11694
17889,1614000118,176942987,2.03623700142,2.20603919029,0,0,0,-0.798896148847,0.60146898786,1614000118.17694
17890,1614000118,236942987,2.03623700142,2.20603919029,0,0,0,-0.798896148847,0.60146898786,1614000118.23694
17891,1614000118,296942987,2.03623700142,2.20603919029,0,0,0,-0.798896148847,0.60146898786,1614000118.29694
17892,1614000118,356942987,2.03623700142,2.20603919029,0,0,0,-0.798896148847,0.60146898786,1614000118.35694
17893,1614000118,416942987,2.03623700142,2.20603919029,0,0,0,-0.798896148847,0.60146898786,1614000118.41694
17894,1614000118,476942987,2.03623700142,2.20603919029,0,0,0,-0.798896148847,0.60146898786,1614000118.47694
17895,1614000118,536942987,2.03623700142,2.20603919029,0,0,0,-0.798896148847,0.60146898786,1614000118.53694
17896,1614000118,596942987,2.03623700142,2.20603919029,0,0,0,-0.798896148847,0.60146898786,1614000118.59694
17897,1614000118,656942987,2.03623700142,2.20603919029,0,0,0,-0.798896148847,0.60146898786,1614000118.65694
17898,1614000118,716942987,2.03623700142,2.20603919029,0,0,0,-0.798896148847,0.60146898786,1614000118.71694
17899,1614000118,776942987,2.03623700142,2.20603919029,0,0,0,-0.798896148847,0.60146898786,1614000118.77694
17900,1614000118,829299993,2.03623700142,2.20603919029,0,0,0,-0.798896148847,0.60146898786,1614000118.8293
17901,1614000118,889299993,2.03623700142,2.20603919029,0,0,0,-0.798896148847,0.60146898786,1614000118.8893
17902,1614000118,949299993,2.03623700142,2.20603919029,0,0,0,-0.798896148847,0.60146898786,1614000118.9493
17903,1614000119,9299993,2.03623700142,2.20603919029,0,0,0,-0.798896148847,0.60146898786,1614000119.0093
17904,1614000119,69299993,2.03623700142,2.20603919029,0,0,0,-0.798896148847,0.60146898786,1614000119.0693
17905,1614000119,129299993,2.03623700142,2.20603919029,0,0,0,-0.798896148847,0.60146898786,1614000119.1293
17906,1614000119,189299993,2.03623700142,2.20603919029,0,0,0,-0.798896148847,0.60146898786,1614000119.1893
17907,1614000119,249299993,2.03623700142,2.20603919029,0,0,0,-0.798896148847,0.60146898786,1614000119.2493
17908,1614000119,309299993,2.03623700142,2.20603919029,0,0,0,-0.798896148847,0.60146898786,1614000119.3093
17909,1614000119,369299993,2.03623700142,2.20603919029,0,0,0,-0.798896148847,0.60146898786,1614000119.3693
17910,1614000119,429299993,2.03623700142,2.20603919029,0,0,0,-0.798896148847,0.60146898786,1614000119.4293
17911,1614000119,489299993,2.03623700142,2.20603919029,0,0,0,-0.798896148847,0.60146898786,1614000119.4893
17912,1614000119,549299993,2.03623700142,2.20603919029,0,0,0,-0.798896148847,0.60146898786,1614000119.5493
17913,1614000119,609299993,2.03623700142,2.20603919029,0,0,0,-0.798896148847,0.60146898786,1614000119.6093
17914,1614000119,669299993,2.03623700142,2.20603919029,0,0,0,-0.798896148847,0.60146898786,1614000119.6693
17915,1614000119,729299993,2.03623700142,2.20603919029,0,0,0,-0.798896148847,0.60146898786,1614000119.7293
17916,1614000119,789299993,2.03623700142,2.20603919029,0,0,0,-0.798896148847,0.60146898786,1614000119.7893
17917,1614000119,849299993,2.03623700142,2.20603919029,0,0,0,-0.798896148847,0.60146898786,1614000119.8493
17918,1614000119,909299993,2.03623700142,2.20603919029,0,0,0,-0.798896148847,0.60146898786,1614000119.9093
17919,1614000119,969299993,2.03623700142,2.20603919029,0,0,0,-0.798896148847,0.60146898786,1614000119.9693
17920,1614000120,29299993,2.03623700142,2.20603919029,0,0,0,-0.798896148847,0.60146898786,1614000120.0293
17921,1614000120,89299993,2.03623700142,2.20603919029,0,0,0,-0.798896148847,0.60146898786,1614000120.0893
17922,1614000120,149299993,2.03623700142,2.20603919029,0,0,0,-0.798896148847,0.60146898786,1614000120.1493
17923,1614000120,209299993,2.03623700142,2.20603919029,0,0,0,-0.798896148847,0.60146898786,1614000120.2093
17924,1614000120,269299993,2.03623700142,2.20603919029,0,0,0,-0.798896148847,0.60146898786,1614000120.2693
